X1,X2,X3,X4
1.8399577,3.4258046,0.21661715,0.08243368
1.3170859,2.692833,0.7141068,0.03599456
-0.47156954,-2.321552,-1.0905882,-0.6707707
1.0280464,2.6210217,1.0351158,0.5470363
1.9480686,7.3789234,2.6282678,0.8923005
-0.16247594,-0.9160567,-0.38073018,0.026340548
-0.5842257,0.76321435,1.066293,0.7850162
0.61586326,6.404889,2.8124106,1.2685567
-0.30822873,3.4374895,2.179164,0.9151705
0.6313447,5.548884,2.5755904,1.437181
-0.1773131,-4.6143804,-2.664366,-1.216886
1.2695547,1.5926853,-0.17413521,-0.12020497
0.57609963,-1.2834599,-1.3789834,-0.63845
1.1998693,-0.64106554,-1.4786333,-0.51246834
0.90385664,5.526801,2.7255218,1.190159
-0.92278886,-0.96237415,0.28890085,0.26887617
-1.4144356,0.39335927,1.84683,0.9641153
-0.88744724,-0.10823333,0.39613476,0.026497474
-2.0769417,2.1551316,3.8588347,2.0212178
1.4769889,-0.7685895,-1.7158829,-1.194677
0.6086849,0.75844556,-0.27421534,-0.17801444
-0.28703701,-4.156856,-2.91587,-1.3839935
-2.007727,5.08444,4.959969,2.4082851
0.26052737,4.2672987,2.2928865,0.9340132
-0.47800687,1.1045201,1.1658999,0.8515682
1.4761597,1.1672187,-0.75363284,-0.2636221
-0.6854498,0.9721532,1.6642814,0.53408164
0.3623631,1.9526049,0.7279111,0.18423171
-0.007150688,2.2464292,1.6730564,1.0161077
-0.3268372,-1.72364,-0.7424201,-0.27679518
-0.52335346,0.50423455,1.10573,0.5335676
-2.6055677,-2.5082152,0.9862567,0.5400415
0.20850955,-1.1836435,-1.1899693,-0.43302673
0.011195381,-4.0464272,-3.0040708,-1.3283494
-0.31801403,-2.9926655,-1.8261104,-0.9935937
-2.040717,3.616864,4.3422384,1.939423
-0.8453455,0.96245104,1.5679346,0.9934468
-1.343298,-7.013599,-3.317737,-1.0543069
0.84110296,0.867795,-0.1923381,-0.02513388
0.18529986,-3.010961,-2.382858,-1.242656
-0.83005846,-4.2333856,-2.1549144,-0.9137608
1.52453,-0.069992416,-1.5208747,-0.8676378
-0.4656681,-7.4588842,-4.176988,-1.9300722
1.0487654,0.5135486,-0.84127057,-0.40903184
0.073653504,4.996593,3.0079765,1.4013618
-1.4424278,-1.5028495,0.3452664,-0.03165927
0.42438665,-0.3216372,-0.5173754,-0.21747999
-0.7595469,-1.2444375,0.24585192,0.19085626
0.014360959,0.3969487,0.12896554,-0.21977799
0.70460373,3.4108546,1.633085,0.5501994
0.6729949,-2.7675908,-2.4455,-1.190241
2.9008892,1.433065,-1.5024577,-1.0739467
-0.45855424,-0.69421947,0.32118827,0.3367236
0.022310482,-4.7990937,-3.3277,-1.4291668
0.105631545,0.69657594,0.38536894,0.2745377
-1.1341056,-4.951252,-1.8690586,-0.8628145
-0.23029545,-1.213646,-0.39708176,-0.06432033
0.8104374,-1.7069012,-2.360106,-1.0696223
-0.72616696,-2.6878414,-1.0104594,-0.492357
-2.2091208,0.15212132,2.4252853,1.0711209
-0.4800564,-1.2726203,-0.0014066588,0.023692735
-0.22252443,-0.79217625,-0.15906754,0.042162575
0.77377707,-3.2927568,-3.3214812,-1.7976339
-1.4227893,-0.05780599,1.27658,0.7227098
-0.49731758,-3.3831036,-1.8791806,-0.7410855
-0.42442062,3.4362833,2.9237127,1.6000234
0.98562837,-3.3062446,-2.9576316,-1.4083453
-1.7921458,1.8266968,3.0557404,1.5952282
-0.13450266,-0.8263731,-0.41413862,-0.057530638
2.7371511,1.5698348,-1.2749753,-0.71625227
-0.24210025,-0.2684418,0.17290568,0.10224117
0.057475347,-3.6193516,-2.4247715,-1.0782942
-0.12952225,-2.1254272,-1.5817033,-0.7265771
0.5690726,2.2261093,1.1886398,0.6640438
1.9270684,-0.9695741,-2.2262058,-0.8339958
1.0001267,-0.42465797,-1.3434728,-0.4746353
-1.3729504,-4.0981197,-1.4149697,-0.9067668
-1.1946456,3.944769,3.7103045,1.6784792
0.6828239,-0.9341601,-1.2475278,-0.53195685
-0.39510873,2.4172282,2.7871015,1.4657145
0.99716675,-0.7328232,-1.6116774,-0.8032901
-1.2427025,-0.25095353,0.7710797,0.28399506
0.14921075,-3.812538,-2.4036906,-1.1077858
-0.6163735,0.020130893,0.72739655,0.57111055
-0.45196533,-5.9611664,-3.4274244,-1.5273966
0.86732566,0.043012913,-0.7882376,-0.2881292
0.26600194,0.8129332,0.21908481,0.35904294
-0.08544971,-3.4773448,-2.4270363,-1.3843408
-0.9240028,3.8999553,3.0247715,1.4005654
-0.73279697,3.755504,2.9728496,1.5990082
1.0361695,-3.3284142,-3.458197,-1.6747335
-0.7711148,3.368556,2.7550042,1.2193147
0.37549162,-0.049192555,-0.046493676,-0.21793526
0.7977314,2.6768441,0.9585495,0.2817009
-0.2999974,-5.2436595,-3.3840747,-1.4930521
0.21956769,-1.572318,-1.2045734,-0.7080628
0.6324887,-6.286292,-4.445693,-2.1049652
1.8687857,1.8965175,-0.40009084,-0.20039494
1.3033785,-1.2505884,-2.6111953,-1.0046178
0.689222,-5.566388,-3.7396038,-1.7453375
-1.3837065,-6.7190175,-3.1127367,-1.3888565
1.1487651,0.4140289,-0.8985795,-0.4039757
-0.40330586,-3.1829596,-1.7145519,-0.77436686
-1.5416692,0.02814266,2.0324333,1.1928493
0.27549618,0.2736807,-0.36872384,-0.084118724
0.48987213,-0.363047,-0.5603485,-0.32934794
-2.9061213,-2.8379788,0.92129517,0.5804475
1.3697844,-3.368508,-3.8618503,-1.6646643
-0.40337777,-6.3652716,-3.639771,-1.5232493
-0.3940398,2.4167678,2.4793363,1.324217
-0.51226807,2.216575,2.2578864,1.1543286
-0.5573819,-1.7927854,-0.5143689,-0.2898541
-0.7949481,-0.94390845,0.39989528,0.3776181
0.40650705,4.496964,2.3562376,1.017278
2.6556864,-2.9517944,-4.362833,-2.2096715
-0.5458816,-2.776123,-1.1445857,-0.38772252
1.6106503,0.559739,-1.0234619,-0.60513276
-0.7692592,4.377645,3.6544049,1.685013
0.95578915,1.9887222,0.5006529,0.30225366
0.40466124,2.6961105,1.6814923,0.82627475
0.6045988,-2.3194113,-2.422849,-1.0607877
0.597844,-2.1695726,-2.2841513,-1.0837162
0.022029797,-0.7098168,-0.37247,0.024835773
-0.028957322,-2.2323244,-1.285863,-0.548872
0.49930233,-3.6030228,-3.040788,-1.5723522
0.67194045,-1.4410611,-1.5077428,-0.67557263
1.5407937,4.660454,1.3564551,0.559454
-0.07071925,-1.4668939,-1.3141346,-0.41000694
-0.15200046,1.5858291,0.94974566,0.4946687
1.0237758,-3.6692216,-3.5888586,-1.4922909
-0.48232594,-1.1157569,-0.44900614,-0.20319968
-2.7293637,-1.374733,1.6670977,0.7107543
-2.9656851,-1.3607486,2.1624773,1.0253046
-0.6257727,-3.7028427,-2.1603725,-1.1342727
1.7653484,-4.8451686,-5.1818676,-2.6206446
-1.8077948,-0.28725636,1.6630358,1.0217398
-1.1753817,-0.36535427,0.9099382,0.52983665
0.2400082,-5.743287,-3.8694339,-2.0278752
-0.13291845,2.0339909,1.6448172,0.85164803
0.6154232,0.7960881,-0.024364227,0.27030796
-0.6313353,-0.56802315,0.31147304,0.3298556
0.60134435,2.6763456,1.3608748,0.769788
0.56356,2.9103699,1.1812005,0.5397817
1.9705992,-1.1608278,-2.8963928,-1.3264252
0.09638977,-2.711686,-2.2278876,-0.99263966
-0.5131353,3.691709,2.8293965,1.4745327
-1.2202342,-1.9523544,-0.03609674,0.042528797
-0.9172124,-1.2163838,0.13494514,0.2045683
-0.8683587,1.1104604,1.5136694,0.8216039
-2.2851522,-0.26735553,1.9156977,0.7444682
-0.124241136,-0.14839643,0.33713043,0.14228725
-0.65943885,2.4694138,2.5713139,1.1228306
0.29906106,-3.343721,-2.912086,-1.4013003
-2.4896522,-0.80030876,1.6636218,1.0561663
0.12522708,-5.057889,-3.5318358,-1.496
-1.9453973,-5.395222,-1.6014766,-0.4159648
-0.85414636,-1.4856846,-0.12839407,-0.07658597
-0.8106483,0.95043075,1.3103487,0.9607988
-1.3997735,0.06512444,1.3363991,0.86738074
0.24820013,-2.2243009,-1.8840989,-0.69687164
-0.16785648,4.26861,3.018411,1.4379908
-1.6659878,-4.5898733,-1.2227904,-0.4584625
1.9771068,1.5619512,-0.44121417,-0.36726686
-1.0218123,-0.6837548,0.5125578,0.18114056
0.547144,2.2044408,1.1881928,0.4630584
0.5197318,-2.3982542,-2.0104907,-1.1046656
-2.7744377,1.2221895,3.2233033,1.7343129
-1.1661355,-0.33751753,0.30380222,0.35041115
2.0037444,-1.7090511,-2.9855494,-1.1604521
-0.234971,-2.5248334,-1.5321708,-0.7744816
0.2100365,1.2265745,0.6283557,0.3444876
0.88243246,-0.8633671,-1.5106388,-0.57284594
-1.4275347,-1.4212068,0.37737638,0.22169285
-0.41884878,2.0559957,1.6591687,0.8843411
-0.53178877,-4.665346,-2.3402572,-0.98636794
0.15856755,2.733936,1.4840618,0.5147729
0.1907566,0.42691237,0.067459434,0.04900781
0.6848704,3.0792694,0.89553463,0.21960914
0.22160013,0.9277515,-0.027112335,-0.111760974
0.28873342,-1.7727929,-1.5587497,-0.6833697
-0.24108467,-3.3952296,-1.7610255,-0.74933726
-0.26095343,-2.3858435,-1.241537,-0.66555065
1.39451,-0.8087493,-2.1130652,-1.0804305
-0.029905034,0.660593,0.42673066,0.5382444
0.054641552,-5.13489,-3.5752819,-1.606823
0.043783892,-0.715539,-0.6353467,-0.26687908
-0.68437576,-5.193087,-2.3558505,-1.3288609
-1.4045736,-4.59798,-1.8468996,-0.8333816
1.0040601,-1.6650966,-2.1516352,-1.0323812
0.011533701,0.4722133,0.2997196,0.08110079
-0.35489768,-1.9918762,-0.91282105,-0.2996915
-1.2821201,4.7044773,4.668555,2.2153952
0.8604683,1.2905085,0.008515443,0.24220954
-1.7523282,0.5293758,2.1894825,1.0950485
0.16438065,3.0377252,1.5717576,0.71073455
0.60136443,-0.76726466,-0.7246697,-0.080097795
-0.24189626,-1.3262495,-0.7492853,-0.36610967
0.079049416,-5.071766,-3.838395,-1.7169968
-1.9277563,-1.2010486,0.9822221,0.70088184
-0.6465219,-3.27709,-1.8622675,-0.7814177
-0.46948507,-2.3617013,-1.2948601,-0.63046354
0.1649307,0.43139347,0.16200083,0.13903648
0.030482832,0.14798497,-0.15428938,-0.102164224
-0.7743925,-3.9321287,-1.5217289,-1.0367945
1.8099,-1.7361684,-2.642794,-1.3249526
1.3615909,-1.0877095,-1.9522256,-0.9874372
-1.7603483,-5.067863,-1.5773534,-0.92123973
0.8321396,1.4616538,-0.17036387,-0.12059139
-0.1807857,-3.2243495,-1.9117663,-0.8442795
-0.90776736,0.794786,1.8480029,0.8913872
1.6783717,-3.8966496,-4.37551,-2.113822
0.1315516,-4.0490713,-2.8550415,-1.5118304
0.64606285,4.86015,2.1753807,1.0402434
-0.5308466,-2.0311139,-0.816831,-0.43982673
-1.4986597,-3.7890835,-0.8382645,-0.3183137
1.2718135,-2.07435,-2.777806,-1.4130262
0.4251129,-6.431045,-4.550461,-2.2036076
0.49592316,-0.6604831,-0.39381748,0.09204357
-0.46983495,-1.6130645,-0.67364025,-0.34148434
-1.7130706,1.2758769,2.2584572,1.2348449
-0.10150948,-2.3247087,-1.8466144,-1.1014448
-1.4868977,0.0052966117,1.959457,1.1289101
-1.4313326,-0.5347325,1.2172934,0.7485659
-2.2545626,-2.0972633,0.81917757,0.5715522
-1.0882097,1.1453595,1.8165865,0.82007396
-1.8803989,-5.0794835,-1.7928349,-1.1020943
0.74207795,2.6810195,0.93049264,0.2568163
-1.0921564,-4.365226,-1.7026201,-0.9067366
0.9755253,-0.14992876,-0.90908766,-0.31185788
0.9733217,5.5830736,2.480622,0.97762924
-0.88741827,0.91610646,1.6693074,0.6519801
-0.083357766,-3.6123114,-2.3709173,-1.3645868
-1.5188298,-2.8011553,-0.28679997,-0.007291417
-1.2189611,-0.95428765,0.3043549,0.27839807
-0.6533846,-6.4104567,-3.54822,-1.4304638
0.13913283,1.5826163,1.0843745,0.65115374
1.057735,3.4340584,1.3956354,0.78055716
-0.022733996,-4.713724,-2.8114176,-1.1982511
1.8343763,3.6792057,0.76882786,0.29103228
-0.59756935,1.978127,2.064833,0.9920489
-0.7500853,-0.61365455,0.95069027,0.50242215
1.4658964,4.6517596,1.7113996,0.7618815
-0.1939479,-1.2677593,-0.61639434,-0.020878425
0.7076511,-4.6879206,-3.3785706,-1.6725266
-0.011662707,1.2770189,0.71943426,0.57007045
-0.292023,0.5494753,0.8535607,0.4697155
-0.04214952,1.0718725,0.68815535,0.34030822
-0.3414117,-1.8511126,-0.9020243,-0.3526896
-1.1845281,-0.79064137,0.38905826,0.34939206
1.4938719,4.76447,1.8311293,0.899727
0.073898286,-0.94316477,-0.58556134,-0.40341353
0.15735936,-4.955863,-3.3705845,-1.6983023
-1.1285414,-1.5759141,-0.060197007,-0.2507761
0.09920862,-1.4786127,-1.0252869,-0.44008592
-0.7113875,2.0944674,1.6220276,0.64069986
-0.80762357,1.1920385,1.43817,0.6540865
1.2248333,3.4012933,0.86406165,0.4645831
-0.024088904,-3.0346675,-2.0529988,-0.7007129
-0.0026205764,4.4957314,2.8134487,1.0677377
1.2643946,-1.8203369,-2.619359,-1.3173273
0.87336445,-0.4060419,-1.2619783,-0.5445575
0.55586964,3.3438046,1.6246047,0.83567894
2.0692403,-1.5944043,-3.0197692,-1.2553105
-1.9042618,2.0706105,3.0284343,1.4651297
-0.6597492,-13.035931,-7.2113028,-3.71257
-0.39486393,-1.1496869,-0.20780244,-0.061431948
-0.1427451,1.3767515,1.3649594,0.56523824
0.13074853,-6.076777,-4.2482343,-2.0142024
0.93588775,3.3956883,2.7176504,1.0610374
-0.41409123,0.9282853,1.2395185,0.9064253
0.9088317,0.9578421,-0.24672711,-0.31611878
0.51325685,-1.6716349,-1.7016809,-0.8416226
-1.2416617,-3.6155047,-0.60208344,-0.4914922
0.92867684,-1.4449128,-2.0762188,-1.1259685
0.4795392,-3.708643,-3.2604544,-1.6669291
0.5266564,1.503451,0.46438572,0.43750808
0.25751844,0.67566365,0.038822576,0.034884118
-0.24381998,-4.3138385,-2.614267,-1.3474363
-0.8010966,-3.9602067,-2.0863185,-0.9683475
0.4741215,-1.1597676,-1.467977,-0.6113991
1.8888974,-2.1199002,-3.6905625,-1.8189893
-2.7127612,-1.5579331,1.5124902,0.92767286
-1.1978608,-0.03058632,1.1750882,0.5941092
0.1853315,-0.05987457,0.19918536,0.31833264
0.42449614,0.55805814,-0.11669341,0.04390558
-1.0866436,-1.7976575,-0.18988442,-0.29862028
-2.1511452,1.9238471,3.3621194,1.5498078
0.43810752,-0.27301607,-0.4862285,-0.02193772
-0.72233593,-2.40216,-0.4278086,-0.110947
-1.7376404,-0.2696961,1.4230765,0.9067035
-1.8519465,-4.904843,-1.4741095,-0.7165073
2.3597512,5.3491135,1.0444063,0.36876637
-1.2665261,2.972304,3.2623944,1.6059557
-0.5666112,2.5968633,2.8412187,1.2790657
-0.33552605,-1.5070819,-1.0626289,-0.47734657
-1.2910122,4.4185,3.983867,2.0525692
-1.4221091,1.1094942,1.7216104,0.5464816
-0.0029830965,-1.6839155,-1.1370846,-0.57085454
-1.9467179,-1.2753856,1.031223,0.67949045
-1.0523752,-1.4519519,0.25047255,0.09589681
0.9823727,-2.793576,-3.0839853,-1.5472491
-0.81440324,-1.4940069,-0.12923442,0.27404222
-0.2217158,-3.51617,-1.9600465,-1.0271302
-1.4360831,-3.7384617,-0.9220143,-0.22337209
-0.8591252,0.4537042,0.95916945,0.19716173
-0.08972983,-0.106710695,-0.071070224,0.062135175
0.2788467,1.5134803,0.31145915,0.16042441
0.93927646,0.6856507,-0.58226734,-0.2538158
-1.7683345,-2.134123,0.46040982,0.5814177
-0.11334243,0.23008181,0.6709295,0.18094362
-0.9056064,-1.5615851,-0.43413556,-0.06666783
0.7588378,6.376587,3.0942998,1.3255892
-0.78870565,-2.8108115,-1.1782793,-0.70228547
-1.246654,0.25121307,1.9421496,1.0757995
0.15669191,3.8586764,2.5232143,1.0874686
-0.5275547,1.6332848,1.6043786,1.0413327
-1.5816839,-2.2505758,0.23387258,0.05934427
0.137757,-3.1977384,-2.293738,-1.0713152
0.1188438,-3.319565,-2.3932996,-1.0575274
0.54737425,1.961225,0.58187294,0.395613
0.8605389,-1.9748876,-2.4190423,-1.1853431
0.4186288,0.10022877,0.02889997,0.022729425
0.23897325,-1.9068309,-1.4518412,-0.8082378
-0.99675506,1.2577049,1.4543344,0.874964
1.3895732,0.5004668,-1.2741627,-0.6119588
-1.1188031,0.84407026,1.615273,0.92738235
-1.3001854,-10.3450985,-4.95471,-2.4239094
-0.18881193,-0.67145175,0.13047728,0.20009439
-1.5061033,-0.08890624,1.6091009,0.81082284
0.21974644,0.4616026,0.09587321,-0.123395205
0.5903698,1.2765732,0.24040708,0.14795645
-0.22712997,-1.8180655,-0.99228853,-0.7020635
-0.627449,-5.254487,-2.928594,-1.2823708
-0.39359847,-2.5925534,-1.5064743,-0.53793865
1.2644167,2.155038,0.41344416,0.17390731
0.35272744,-4.775643,-3.712955,-1.7911954
-0.5126964,4.188366,3.2477193,1.523058
1.1574309,0.7165373,-0.44590756,-0.3407331
-2.0481298,-0.8117294,1.4532796,0.731816
2.5270107,1.2549186,-1.2454495,-0.5556837
0.42603925,-0.06173013,-0.42820522,-0.21028239
-1.3983371,2.1257706,3.0611036,1.4537704
1.5438349,-3.3934908,-4.0665784,-1.8274173
-2.6013267,-2.1584368,1.1167015,0.65162456
1.0021609,4.5184493,1.7415493,0.6811221
-1.3043225,-4.9908357,-1.9180843,-1.0374309
-1.168955,-1.0809592,0.62996304,0.23426543
1.2827243,-1.6378545,-2.4061296,-1.3717237
-0.57926565,-0.015324382,0.6705068,0.19446509
-0.1145944,3.6362045,2.4565675,1.1274166
-0.54655814,-4.3645115,-2.1064014,-1.1120894
0.8246322,5.0457873,2.5655382,1.2008735
0.2429499,1.0829587,0.2235224,0.01780041
-1.1466315,2.742976,3.1739154,1.7373147
0.81084365,2.61531,1.1061916,0.68920034
1.1438785,-0.3021704,-1.568839,-0.75639755
0.56090355,0.7558919,-0.061297428,0.07616226
-1.6124674,2.7312343,3.337003,1.3070072
-1.7199664,1.229751,2.602834,1.3712364
0.4526833,-2.9721613,-2.622411,-1.0288509
2.2676408,-2.5489752,-3.9920034,-2.1473231
-1.06811,-0.6090421,0.9544566,0.5669495
-1.0863699,4.262927,4.1087737,2.024921
-1.3174999,-3.2984478,-0.90701133,-0.10279408
-0.54138064,-2.5284219,-1.287071,-0.38427886
0.018806294,-1.7574773,-1.1168412,-0.5100008
1.9230901,3.786297,0.27081093,0.18643656
-1.0513773,-3.0095851,-0.82890236,-0.27219608
0.5652706,-4.6467824,-3.4780996,-1.6889495
-0.48497152,3.7890668,2.810796,1.5166094
-0.6119709,2.9129639,2.6593559,1.1325481
-0.6919942,-2.0903814,-0.69427866,-0.0082301535
-0.5671712,-4.826432,-2.1629784,-0.8945113
-0.019117516,-1.0240744,-0.21720178,0.0023518004
1.8252317,2.5624568,0.6996231,0.417687
-0.1391136,5.244962,3.321963,1.5946841
1.4413269,0.7623897,-1.0148237,-0.4378966
-0.8220108,-4.345121,-1.9090064,-1.0572369
-0.9804703,-0.9851867,0.17385228,0.17429551
0.8373823,-0.745905,-1.5943557,-0.9277409
3.3641198,-6.873813,-6.972363,-3.7788641
-3.1224508,-0.09814379,3.449978,1.7531277
0.36201075,1.9787134,0.84395194,0.6978166
0.97523046,-4.04844,-3.8502424,-1.8316113
-0.47491974,-3.695417,-1.6325133,-0.89813876
1.5352794,0.5322448,-0.59521043,-0.004266398
0.53919154,-0.9379121,-1.1466962,-0.8332379
0.26829842,-3.7865207,-2.9606087,-1.5361311
0.6277549,-6.5392013,-5.0911098,-2.523733
-0.5155007,-1.7474447,-0.7710146,-0.17822278
-0.5248355,-0.43447375,0.73120135,0.67790556
1.1903291,-2.6549273,-2.8168561,-1.2408574
0.55844015,-1.1573528,-1.1665735,-0.46534064
-0.27396077,-5.190409,-3.0905905,-1.6933303
0.03700603,-2.2765775,-1.7345786,-0.5429756
0.2345858,1.0983443,0.26497832,0.058083724
1.6450189,3.421397,0.77354014,0.37336123
1.2488301,1.0135796,-0.8515113,-0.2634159
-1.0575649,-1.1582966,0.26181582,0.29541984
2.449673,-1.4594698,-3.223664,-1.6318454
0.8781013,-0.11617932,-0.6842202,-0.18945
-1.3478316,-1.7184334,0.16585833,0.25573066
-0.24845524,-7.1762953,-3.8572812,-1.7415979
-0.1559905,-3.4366765,-2.67815,-1.4166099
1.6705674,0.34787235,-1.5026777,-0.61594665
-1.131077,0.9381774,1.5181922,0.78708196
-1.0854907,-1.5709398,0.07669266,0.03912675
-1.405676,-6.3896103,-2.648418,-1.2465249
-1.0767789,1.8960712,2.0867677,1.1579931
-0.5190045,2.445055,2.1624062,1.0707517
0.45788175,-1.005159,-1.3125715,-0.5401215
-0.29573548,-3.25706,-1.5877235,-0.8765676
0.76846325,-3.556539,-3.0933607,-1.6431239
0.47964203,-2.3407223,-2.0172837,-1.4711246
-0.504989,-3.7140954,-1.577836,-0.7288662
0.89158505,1.1971107,0.003212014,-0.042116296
-0.52987784,1.9980003,1.7585727,1.0395783
-0.85828435,-2.0304332,-0.071253516,0.015965978
0.4879175,-0.54973805,-0.9007884,-0.41107935
1.7552536,1.2995456,-0.8470488,-0.5234338
-0.4724488,-2.4169178,-1.4966133,-0.59757453
-1.300952,-1.4973356,0.17979571,0.08918855
1.3201569,1.4597785,-0.740558,-0.15989028
1.9262692,-3.0143723,-4.123779,-2.1446822
1.156006,4.2824626,1.8824153,1.166314
-0.8489372,-2.1881633,-0.8145549,-0.26801178
1.6645267,1.3816253,-0.47030166,-0.17475976
-1.4001753,0.059990577,1.1375763,0.96912473
0.31647167,0.16278687,0.091750465,0.18002242
-1.8600823,-0.7824084,1.1439159,0.58583635
-2.0530012,-1.8527952,0.708805,0.27851766
-1.2632111,-4.2695007,-1.4233003,-0.4109896
-0.38818678,-0.19428161,0.59905887,0.22747234
0.5796499,0.28656814,-0.11054821,-0.15603422
-0.64800394,-1.7173877,-0.6608596,-0.21737887
2.1609652,-2.4553096,-3.7150066,-1.7323775
-0.62076795,1.8988332,1.6125193,0.63708115
-0.72969383,-2.641823,-0.91155815,-0.49168772
-0.9130827,-2.0427608,-0.42925942,-0.06311221
-1.3128147,0.40240848,1.4369735,0.8150242
2.1915927,-2.1689732,-3.0061595,-1.5147715
-0.7267404,-1.6187797,-0.39414278,-0.14831644
1.3932474,-3.436507,-3.496846,-1.7216483
0.41607684,-0.9646457,-0.9130052,-0.20227326
-1.0208447,-0.9605908,0.48841655,0.05220383
0.14467227,-0.13685806,-0.47059867,-0.34474543
0.2984468,-6.588898,-4.5404353,-1.9629779
1.5330049,-0.03206538,-1.1776948,-0.51089376
0.15282355,-0.15362269,-0.18405478,-0.18520105
0.2911306,-6.1299763,-4.4124727,-2.267186
0.033400718,-0.3376187,-0.293978,0.15508702
2.026902,5.9597993,1.5557522,0.87095726
-1.4253153,0.9095288,1.963448,0.8818663
-0.25905967,-3.3493726,-2.1612291,-1.0734762
-1.3284407,0.5414967,1.6609718,0.9381438
0.71261233,0.48250026,-0.7377828,-0.4883506
-0.118853524,-3.5439394,-2.3311465,-1.1949743
-0.32863626,-5.6920652,-3.3450065,-1.5640409
-0.14221838,4.7990313,2.84966,1.3645692
0.13476773,0.63799214,0.5713234,0.40116742
2.1995237,-3.1248913,-4.8746324,-2.6710804
1.0309086,-4.837321,-4.3200483,-2.0523503
0.01862729,-3.5002599,-2.6884556,-1.2785894
0.46836513,2.0017533,0.7556414,0.1860791
0.35738477,1.9609199,0.8519487,0.38140735
0.035695504,-2.8153985,-2.0824397,-0.8406241
-1.327501,-0.61086076,0.59321386,0.46994388
-0.962633,0.5526141,1.0031384,0.5691049
-1.9053668,-3.6673944,0.10977371,0.31949627
0.29854658,-0.23273034,-0.2398171,-0.11889232
-0.7413897,2.622232,2.7449427,1.1139959
-1.3757026,2.3456252,2.981866,1.7506144
0.013492719,1.1670699,0.8238678,0.680649
0.6348745,-1.2529289,-1.2946011,-0.70069396
-1.0400306,-4.5784793,-1.9584961,-0.77881324
1.6211314,1.7995542,-0.5922595,-0.6792826
-2.1145887,-2.265203,0.49358767,0.5382107
0.19091108,-6.4893684,-4.1243496,-1.9064444
1.9645492,0.38005403,-1.209173,-0.7965853
1.6842918,1.1644168,-0.51939076,-0.14782727
1.7389783,3.4040558,0.66764814,0.34285817
1.5878755,-1.2421339,-2.717668,-1.4612392
1.2637556,-4.5581884,-5.2092543,-2.4787853
-0.5794518,-0.31620386,0.40537673,0.32231665
-2.0759885,-3.783403,-0.3840384,-0.30894274
0.9752777,-0.4757955,-1.1283312,-0.77501476
-0.32582772,-1.4107345,-0.83862257,-0.5350966
1.1036772,0.08150958,-1.2170643,-0.4231526
-0.69848716,-2.259962,-0.39046597,-0.100322895
1.4747298,-0.9489911,-2.2101877,-1.0751654
-1.2598609,0.7539415,1.6435931,1.0187298
-0.32611778,2.699595,2.3660138,1.0348032
1.6135346,0.9161398,-1.0126489,-0.5725241
1.2629875,-5.4269433,-5.398096,-2.3130312
-0.46913242,5.739625,3.9467087,1.9796363
0.20020157,0.99831206,0.5579549,0.1695119
0.34271786,1.1677052,0.39506945,0.32956886
-0.58236575,4.046793,3.2563393,1.5747752
-0.28772733,0.7314191,0.77989614,0.5520408
-0.27661106,2.5594308,2.5429888,1.1821896
0.09979266,-1.7602298,-1.0218669,-0.34594712
0.48983678,-2.539572,-1.7901504,-0.92476755
-1.589275,-0.18570475,1.6717558,0.78702533
2.4575078,1.6474073,-1.5536797,-0.9075388
-0.29011753,-5.6664014,-3.7279267,-1.7619998
-0.6098908,2.89061,2.5535538,1.3371646
-1.6224992,0.23832992,1.8303019,1.0993329
1.626357,-0.8597696,-2.071553,-0.9793769
0.53022504,-6.1505685,-4.338784,-1.9853565
-1.3653952,-0.99632525,0.9953339,0.7975001
-0.10782002,-3.645686,-2.5011632,-1.2431659
-2.024291,-3.4687703,-0.21114708,-0.27317077
0.15448001,-2.746068,-1.6823103,-0.9115375
0.2199522,0.8369103,0.41351148,0.705891
-0.27136815,4.234561,3.249239,1.4635959
-1.050747,-2.8212073,-1.064205,-0.6363826
0.76381516,-0.8710013,-1.3871428,-0.66607314
-0.24647427,0.11131436,0.4048392,0.23574744
-1.4203026,-1.9299369,0.52628434,0.33302638
-1.0702784,-0.3336315,0.73087204,0.34485877
-2.092975,3.6756127,4.17298,2.035152
-1.7091402,-2.943792,-0.09918182,-0.27862728
0.2648971,-3.412675,-2.5236287,-1.2924938
-1.5546743,0.18643413,1.1991253,0.58749723
1.5495099,2.4886453,0.29766405,0.025400586
1.6540076,0.896722,-1.1812856,-0.24995802
0.4138733,-0.23445694,-0.29747567,-0.077422
-2.785746,-1.0429775,1.5813746,0.82201314
0.0706383,1.9613045,0.93394333,0.24047548
1.5237894,4.382474,1.2843659,0.44009343
0.38322395,0.141242,0.0011461158,-0.10043414
-0.12931186,-5.2759557,-3.1586072,-1.1455792
-1.3569331,0.24641696,1.8936696,1.0078925
-2.1965697,-0.2289631,1.8454872,0.82698864
-1.2114205,0.41051787,1.2435758,0.27053112
-0.79480207,2.0724235,1.9756947,1.1594871
-0.077178076,1.9464144,1.3964182,0.2048259
-2.5365894,-4.7612333,-0.19780555,-0.11958844
0.35330293,-0.50076455,-0.5397789,-0.4245243
-1.5470519,-4.1700788,-0.90179586,-0.24410717
-0.6503589,-2.5737896,-0.97625387,-0.5959185
0.26317227,-0.7210114,-0.25436237,-0.18949482
0.91060317,-2.5103514,-2.710652,-1.0431876
-1.4060649,4.5479865,4.1744437,2.1252027
0.737896,-4.816054,-4.473092,-1.8300421
1.3123312,3.6897213,1.1440102,0.782368
1.2196507,3.4306443,1.0309501,0.34795603
1.7444154,-1.3788686,-2.6579652,-1.2899383
0.49061656,0.51390254,-0.33312133,-0.3605285
-0.09294498,-0.77980644,0.0063432585,-0.0895538
-0.6703108,2.6021612,2.3083725,1.4235548
-0.54619783,1.0428612,1.4077339,0.55743307
0.49892664,7.0396905,3.5975218,1.9058592
0.093599685,0.030380057,-0.49917525,0.08633001
0.02267969,1.426,0.83794177,0.34883013
-0.95423543,-0.059644274,1.054197,0.50582385
-0.06533856,1.260848,1.0374498,0.4439487
0.5563519,0.32870105,-0.46572018,-0.36622143
0.8498929,0.058222875,-0.6913746,-0.3725886
0.92558986,-5.744545,-4.538178,-2.0775006
-0.31795442,-1.4120831,-0.84958225,-0.55790657
1.5305885,-2.2750635,-3.01164,-1.5096701
0.02467761,-0.59189194,-0.29157048,-0.36845946
1.5842481,-4.0848317,-4.6835694,-2.3005664
1.0733713,1.7543895,-0.15523775,0.032615602
-1.0337559,-3.3965096,-1.2115147,-0.46206868
0.35770816,1.7124344,1.0498505,0.54771346
-1.4602137,5.884399,4.4689584,2.2589412
0.11614882,3.484087,2.2361133,1.1728925
0.11587854,6.76685,3.8374858,1.5004808
0.23760274,-3.6565273,-2.6393583,-1.4075044
-3.1131341,-4.3588634,0.18266979,-0.0708155
0.1566931,0.63834816,0.26876646,-0.13911676
0.29512218,3.104874,1.9434483,1.0181968
-1.3753173,-0.9721922,0.6218061,0.40509203
-0.60870236,-1.0477301,-0.13521716,0.19900477
-0.9228402,-1.3022958,0.2525207,0.4418227
0.61323035,-0.22216243,-0.7488768,-0.5336064
0.6199323,-2.412615,-2.068556,-0.9166709
2.2130575,3.3516638,0.61386466,0.35901254
-0.15326057,4.0382895,2.779525,1.1939524
-1.2720519,1.941072,2.422358,1.1617348
-0.83947843,-2.2203603,-0.7083922,-0.5115824
0.3828087,-0.217722,-0.6165843,-0.24858527
-0.104205966,4.700709,2.7344663,1.466751
-1.003555,-0.036946528,1.2272319,0.5642505
-0.097831815,-0.09903323,0.0017490787,0.29119906
-0.5217803,1.3071755,1.1085278,0.5416573
2.4339468,0.69948924,-1.6442643,-0.8947564
-1.8314021,2.326504,3.5825746,1.7157127
1.4414811,4.893427,1.7081605,0.7508761
-0.35807562,0.20824952,0.8515997,0.5153147
3.1549494,0.24263525,-2.1642632,-1.2917205
0.3362553,1.922682,0.8907701,0.19154845
0.0828238,-4.57498,-3.441566,-1.7619212
-0.637768,-2.625189,-1.2842121,-0.76121914
0.31746763,-1.1599458,-1.0465149,-0.7711107
-1.0591047,3.9050372,3.2393348,1.7268006
1.3006824,-2.9382818,-3.4946587,-1.6885405
2.4875576,-1.8952736,-3.41432,-1.1969416
0.17261322,2.1938133,1.3464811,0.94290674
1.3992559,0.023244573,-1.1679137,-0.741531
-1.6129382,-0.4172884,1.7497362,1.1678718
-1.3568157,-1.5666279,0.52230024,0.1818205
-0.12694344,-1.5758288,-1.2895725,-0.5431779
0.19516516,-0.9719966,-0.97794145,-0.5554794
-0.1832832,-2.703259,-1.494826,-0.5857429
0.40178457,0.0817194,-0.115209155,-0.11082929
2.8902745,-1.6573045,-3.7902706,-1.7153856
2.0649924,-1.6416318,-2.6740606,-1.3770312
-0.14296547,-0.5601399,-0.2742806,0.1588814
-0.24319781,0.7627317,0.62934923,0.3960894
-1.1829255,4.734384,3.7748804,1.7129638
-0.07317445,1.8545759,0.9445066,0.25258362
-0.37723315,3.56346,2.729827,1.5427027
-0.7271368,-2.5556586,-0.86590904,-0.3092621
0.4534397,-1.199318,-1.5497015,-0.77471226
-1.5076219,2.9793093,3.3587549,1.7367536
0.7281479,-1.3441083,-1.6160902,-0.52548814
1.0569024,-2.3014684,-2.4276497,-1.2761942
2.2909613,3.7802699,0.2981382,0.26955435
-0.8385665,-2.7237632,-1.0220716,-0.71299726
0.7514195,3.488972,1.4221468,0.78599787
-0.057071257,2.3765552,1.5642571,0.5703044
-0.7146453,-1.9777148,-0.80548096,-0.5416614
0.8441371,-2.7725425,-2.6920395,-1.1925801
0.6166127,-1.525169,-1.4944239,-0.76700705
2.2037783,-1.9320569,-3.747423,-1.8935791
-0.68734735,0.6255911,1.058965,0.7524377
-0.4171106,-1.4711481,-0.83921665,-0.22966899
1.0649256,1.2855226,-0.11326298,0.09105129
1.4402668,-4.9833016,-4.5719666,-2.2715273
0.7970596,4.450826,2.032664,1.16479
-0.2634466,2.0553894,1.2644278,0.7256956
0.2211134,-5.023305,-3.6089163,-1.7159667
-0.037542325,-5.473016,-3.8650725,-1.6387367
-0.17118402,-1.5394553,-0.8184142,-0.38755125
-1.9244043,-5.84027,-2.3988106,-1.0730816
-1.5020307,2.9881437,3.755949,1.8979865
-0.060758613,-2.1280065,-1.4555992,-1.100952
-0.10991418,-2.881096,-1.821352,-0.7969891
0.12912375,-5.2568903,-3.5727506,-1.667539
-0.44151387,0.2933758,0.68577164,0.44477397
0.43149418,-4.067055,-3.3751132,-1.3876919
-0.1113456,-3.078078,-1.6702074,-0.83536214
-1.5773749,3.0058494,3.4799278,1.8122929
-3.6107097,1.1515441,3.5733948,1.9326302
0.09596798,1.6735785,1.1640643,0.7564811
-2.4664364,0.2794301,2.8766983,1.7418216
-0.13564768,0.47785398,0.48408085,0.10184369
0.9772517,2.6768107,0.8197015,0.40273798
-0.018204292,-1.1441649,-0.50039274,-0.10946522
1.8663843,5.311939,1.3800024,0.6791566
-0.049177464,-4.558527,-2.6787817,-1.3865455
0.009698447,4.8825984,2.9045029,1.4371705
1.117048,-6.05145,-4.9609847,-2.3091562
-1.467662,1.4689199,2.3225055,1.4193752
-1.1355937,0.32760695,1.1160487,0.5472851
0.05237474,-0.40622002,-0.0005620825,-0.056573432
-1.2058996,1.0582293,1.5744805,0.8709431
1.1733912,-0.5895511,-1.3357263,-0.9984593
-1.7597946,-0.7834425,1.1382406,0.5375991
1.668031,-4.2580605,-4.5992026,-2.1964502
2.0944583,-4.3496995,-5.1713605,-2.8713012
0.669734,3.8418107,1.5587491,0.859407
-1.0355052,1.3557887,1.7647138,0.8036854
0.76469505,-0.7139011,-0.932421,-0.6955953
0.7032995,-0.684034,-1.0090709,-0.3679245
0.868571,1.6618558,0.26028895,0.02735885
0.27465782,-2.826037,-2.320617,-1.2049531
-0.35743743,-0.58852357,-0.050520577,0.068253025
-1.2401099,-0.05138653,1.4020146,0.5804833
-1.6619843,-4.059367,-0.4550474,-0.352674
-0.9754885,2.1723826,2.8012953,1.4955517
0.06589129,0.45845693,-0.1966492,0.40231398
0.9256844,0.25008148,-0.82328665,-0.26862586
-0.876806,-4.0603933,-1.7666713,-0.56876147
-0.6481587,3.0433471,2.798154,1.2323613
-0.3334047,-1.7431859,-0.83077824,-0.6397919
0.7829175,-5.708737,-4.238122,-2.0195966
1.4648174,-3.746145,-3.9350343,-1.8997664
0.6920373,3.2418861,1.5851167,0.8481403
-0.33371142,-3.4345586,-1.7748485,-0.73205584
-0.73033625,-2.705411,-1.173518,-0.42420664
1.0005083,-6.166898,-4.959381,-2.5338573
-0.997822,-5.1439624,-2.415053,-1.2672343
0.36903667,-3.8468513,-3.5120008,-1.894442
-0.43666568,-2.013301,-0.70066845,-0.10103199
-2.0959609,-1.9707986,0.54856133,0.35746786
-0.042758357,-1.6818299,-1.4556116,-0.80647033
0.5957501,-2.1290216,-2.013617,-1.1030048
-0.20949532,3.7424238,2.3876402,0.97965306
0.16562329,-4.958671,-3.1112282,-1.510297
-0.9235815,-2.5788367,-0.92832124,-0.4380084
-1.4514499,1.1975709,2.1196983,1.4378136
-0.78559965,2.8021572,2.5684521,1.272675
0.24775197,-0.29538465,-0.42779076,-0.06967296
0.47163925,-1.1869907,-1.2338079,-0.70959437
0.71751136,4.5449305,1.948812,1.3670566
2.2482066,2.6181028,-0.23092324,-0.24270761
-0.74591184,0.4340804,1.2828586,0.8458775
1.1830986,0.14389765,-0.7652876,-0.4924449
-1.7443267,-4.9488616,-0.89194995,-0.13650934
-1.1660295,-2.0077589,-0.027328392,-0.110305734
-1.0555245,-6.8868265,-3.6958222,-1.9859715
0.70948195,-4.4698277,-3.466232,-1.6147909
-0.25648385,1.5974629,1.2522547,0.6309723
-0.58000106,-1.3453528,-0.2931516,0.009283445
-0.58320993,1.4289773,1.8237996,1.0173161
-1.6763943,-2.134947,0.28513375,0.0062305722
1.5037138,-2.6926222,-3.0686696,-1.9659318
2.6423347,-0.54378533,-2.233431,-1.0812577
-0.45041162,1.9901905,1.8733819,0.90628034
0.5140629,-2.7569876,-2.3476388,-1.193638
-1.0174628,-2.8316684,-1.1905026,-0.62307805
0.021484142,-3.6230788,-2.5748477,-1.4660124
-1.9076347,-3.2284367,0.26105586,0.04168801
0.43499744,0.37868413,0.0002786005,0.009254131
-1.763276,1.5271872,2.3875794,1.342752
0.342751,5.7278624,3.035536,1.4096956
0.85560834,2.1242855,0.5092027,0.4100722
-1.226187,-5.494437,-2.45695,-0.942348
0.3049172,-2.3204916,-1.8031625,-1.1954222
-0.32726195,-3.8617215,-2.148677,-1.2149081
-0.45650712,-4.309573,-2.4813986,-1.1936519
0.08739211,0.34761366,-0.1274027,0.08710653
1.7580116,-2.3498876,-3.3572257,-1.4339023
0.6345603,3.045659,1.2129613,0.72901034
-0.2998637,2.029472,1.54037,0.8120826
-0.87047935,-1.4489373,0.14634822,0.34082255
0.637361,-0.95314133,-1.5539117,-0.8262121
2.026106,1.4544873,-0.7835791,-0.33591005
-1.5300574,-0.61099756,1.2646854,0.72078276
-0.64687276,-2.169615,-0.6727597,-0.39342964
0.20093417,1.961979,1.2472557,0.7120406
-0.6083598,-1.0406437,0.09684774,0.115528196
-0.7269904,-3.8876143,-2.1775305,-1.1304542
0.08129529,-2.2125385,-1.4522256,-0.567212
-0.48562533,-3.1498754,-1.8730285,-0.7708385
0.045918666,1.2349765,0.474513,0.09396465
1.6514952,4.517251,0.95765173,0.24147418
0.208396,-0.5366548,-0.43849778,-0.068192445
-1.5105479,-2.0526278,0.83916533,0.25617096
1.7078022,-5.075886,-5.3509235,-2.4288204
0.09699043,1.1916691,0.592457,0.118564986
-0.1324957,-1.7300189,-0.66951317,-0.5707971
1.6223345,-1.1865258,-2.5212083,-1.3223181
-1.845606,0.68629754,2.277285,1.0836905
-1.8055545,2.0839868,3.2225568,1.6108544
0.87434685,2.331761,0.9487526,0.38798395
-0.08736799,-1.2057008,-0.45375714,-0.09664396
0.54838264,-2.9814374,-2.2634432,-0.9244861
-0.30354846,-5.8494873,-3.346435,-1.5508475
-0.68491435,-3.4337351,-1.5634818,-0.7199579
-1.8861476,-6.270144,-2.0992692,-1.0434533
-1.1541923,-2.4270194,-0.5651863,-0.2961965
-0.56658024,0.42577985,1.0176219,0.35183337
0.29496807,-3.8570557,-2.7617538,-1.1842909
-0.13188094,0.3207723,0.49161127,0.5686237
-0.3955746,-1.9728382,-1.0467447,-0.25895566
-1.4616668,-0.96589774,0.95434135,0.5190548
-0.22002128,-1.3596474,-0.55857915,-0.2345146
1.6896316,0.26131248,-1.6832125,-0.93091464
-0.10774478,-3.6243985,-2.0269198,-0.9132112
0.6709681,-3.9165049,-3.3691308,-1.6793576
0.8280149,-5.655115,-4.599107,-2.3275297
1.5072079,-3.5166118,-3.8074195,-1.878939
-0.6964179,1.5214988,1.3913933,0.90549344
0.514441,-4.900802,-4.0595512,-1.866904
-0.5464315,-4.448752,-2.5010166,-1.2738776
-0.33271945,-0.35841402,0.41950735,0.3076875
-0.27757153,-0.2991929,0.13630739,-0.030426404
-0.18087202,0.5245667,0.48047325,0.29640266
0.24976723,-1.5947832,-1.7741077,-0.954109
0.51963097,0.094334744,-0.18644612,-0.26750833
-1.0365864,-1.7718278,-0.30031735,-0.2074397
2.0302064,1.5159396,-0.6187403,-0.17755975
0.76455414,-6.2481914,-4.698397,-2.0601685
-0.56448203,3.0021443,2.665694,1.3737309
0.45357108,-4.530838,-3.3370955,-1.5554392
0.88182735,0.91617954,-0.10835696,0.045824338
1.1778111,-2.403459,-2.8075838,-1.5012535
0.084243126,2.0275884,1.6722468,1.0050002
1.4302185,4.4781156,1.7427619,0.8544725
2.0958853,-3.9435506,-4.492699,-2.1879103
-0.5801132,-0.6729856,-0.19546531,-0.024191024
-0.77890927,-0.66925114,0.4725202,0.44256818
-0.9365208,1.3573266,1.7607496,0.7718824
-0.40095255,-2.7390501,-1.3013191,-0.57718223
-0.24848291,2.8862288,2.3491156,1.1804491
1.8138888,-0.60107297,-1.8948016,-0.9798566
-2.1929553,-3.8297338,-0.3340142,0.071380794
2.498767,-2.2426984,-3.0888207,-1.6025099
-0.9303799,-3.3063688,-0.93877083,-0.4175765
-2.8392282,-0.7601053,2.0611625,1.1867625
0.7399793,-1.8310927,-1.9986092,-0.7821747
0.3184788,8.302801,4.660752,1.5972065
-0.7974526,0.26850507,1.072988,0.6058317
-1.0960906,-2.2807612,-0.47110307,-0.068946324
0.75466126,1.0694947,-0.1390049,-0.020927753
1.0772045,2.1765532,0.4751923,0.33604833
0.24070017,4.5331025,2.3009706,1.101475
-1.8913829,-4.139102,-0.4271526,-0.1488597
-2.2570868,-1.4955564,0.905831,0.43278655
0.41890147,2.096326,0.62697244,0.2352011
0.31171894,-1.005531,-1.0336471,-0.2149181
2.0242414,2.7448113,-0.0023802107,-0.083794266
0.22184509,-1.5814902,-1.4655633,-0.75979275
-1.2929983,1.5135195,2.0269704,0.75943124
1.489426,0.6239086,-1.0998443,-0.6996583
2.4302287,1.2200657,-0.9093902,-0.3652566
1.3522291,2.0984044,0.13514361,0.4138973
-0.034440193,-0.18112905,0.1914139,-0.029186508
-0.37657425,0.29570213,1.0948454,0.8169612
1.7383888,2.177911,-0.52288234,-0.2442499
-1.0545334,0.44281298,1.1859571,0.9098975
0.5289248,-1.795941,-1.9833288,-0.90652275
0.027515206,0.87165654,0.6310414,0.3839307
1.7416364,5.3070827,1.6705043,0.7029586
-1.7516062,-2.6887624,0.10384127,0.20605509
1.8759735,1.8859603,-0.29824215,-0.23620775
-0.40015957,0.56137145,0.47166282,0.37241006
0.7467066,2.7564597,1.2052158,0.45453975
0.216067,-3.6914945,-2.897978,-1.3615351
0.056827288,0.9996292,0.69113356,0.43771994
-0.76768184,0.18607628,1.0902734,0.75899404
0.9981199,1.1275556,-0.21352513,-0.015378799
2.4502194,-0.9731986,-2.8881009,-1.349733
0.8200742,2.2065313,0.3606036,0.36961406
-0.27708814,2.2179568,2.0179553,1.0871593
1.1172999,-0.59360373,-1.2746198,-0.7401385
0.5784378,2.276043,0.69117445,0.60520715
-0.30168834,-1.6138933,-0.74257064,-0.00042511633
-1.0168515,-4.0163627,-1.473223,-0.5047007
0.8788191,0.13761067,-1.3932642,-0.80198205
0.19044526,2.2211573,1.0173277,0.68887764
0.35174203,-2.6357975,-2.211941,-0.94702035
-0.21260275,-2.2636657,-1.1154453,-0.52208227
-2.842002,-1.8978573,1.6278758,1.2589703
-1.5740684,-4.221938,-1.6002424,-0.8907445
-0.22373992,-3.9198928,-2.6543913,-1.3052739
-0.6182112,3.4983096,2.67389,1.3229995
-0.8727375,-5.192383,-2.9337282,-1.4037378
0.0918307,-5.2341866,-3.4428964,-1.5578939
1.7194105,2.706877,0.2803889,0.28349957
-0.9696739,-0.052031968,0.7475468,0.48015857
0.019735679,-3.7081792,-2.440947,-1.0470645
1.1060966,3.0113442,0.86267364,0.52318984
2.4155529,-5.290041,-5.600605,-2.9982786
0.003807205,0.26006886,0.37945446,0.20038876
0.71096504,-2.8082156,-2.4007187,-1.2285966
0.43281147,2.3824618,1.4512417,0.6292502
0.16621095,3.2091136,1.48369,0.83140206
-0.705066,-0.87852377,0.033732057,-0.1401147
-0.30018994,-3.9175658,-2.7101796,-0.9185814
1.37148,3.7610826,1.2256289,0.7644019
-2.0676465,-1.8643962,1.0552682,0.87893933
0.94863814,0.24063489,-0.5244526,-0.12824714
0.83817613,-5.6961365,-4.7401104,-2.4429708
-1.2512738,3.5222287,3.5195467,1.8259242
-0.36238474,0.9117983,0.5836043,0.13045958
-0.851283,3.217574,2.9068322,1.4529548
-0.2972198,-2.464851,-1.454465,-0.5647795
-1.4061465,-1.8873099,0.28439876,0.116076596
0.60831,1.3983552,0.3472097,0.25006425
1.0027024,0.18479279,-1.2042027,-0.509306
0.9147389,0.44716948,-0.38836604,-0.251041
0.21872963,-4.7328095,-3.332431,-1.677387
-1.2225349,0.6653902,1.8855032,0.8408005
0.67035365,3.266479,1.8029696,0.9719712
-0.6805777,1.1641747,1.5396043,0.55692524
0.955898,-6.85882,-5.404639,-2.6508934
-0.46143824,-2.613973,-1.3882514,-0.6703519
-1.303081,-2.71703,-0.47376096,-0.06927893
-0.7703846,-2.8654246,-1.4134227,-0.73736805
0.016281746,4.442541,2.648102,1.32068
-0.80312514,3.8925152,3.038426,1.5117222
2.774283,3.827945,-0.3480531,-0.104987614
0.4815381,1.416123,0.79185516,0.37840524
0.6863378,1.413245,-0.008567281,0.11861204
-1.4520159,-3.0814466,-0.4670885,0.02392361
1.1514798,-1.7177006,-2.1619065,-0.88413644
-1.1172843,-0.72933954,0.7571137,0.5200159
-0.5030589,0.88043886,0.8124575,0.5160385
1.1036105,-2.0912812,-2.5336695,-1.2331345
0.77522993,-0.050479934,-0.9919404,-0.57383484
-2.0744245,-2.007601,0.47771165,0.27357358
-0.039643135,-1.976512,-1.3244488,-0.58182865
-0.075349025,-4.3601985,-3.3197026,-1.4961408
-0.6109205,0.058135893,0.76173013,0.27900395
-0.23424834,0.158395,0.57789046,0.32329753
-0.14771958,5.6106806,3.5273142,1.4766216
2.022718,2.756287,0.3031003,0.107599
2.4057336,-3.0396638,-3.9615192,-1.6947118
-0.06867651,-5.3732724,-2.699159,-1.1705287
0.96363974,-3.2651403,-3.2258413,-1.6433746
0.5826444,-0.6125407,-1.311558,-0.7058067
1.0413415,0.07214996,-1.1525905,-0.67542404
-0.7645615,-1.1103079,0.030082826,0.117230475
-0.8161887,-3.9745207,-1.7273854,-0.84515524
-1.5399743,0.95096403,2.2753472,1.016224
-1.0693698,-1.9423392,-0.53875864,-0.3979336
-0.56670237,2.32989,2.0989506,0.86053973
2.8537679,19.003847,6.8631454,3.3733728
-1.3901373,-1.0244797,0.8617476,0.32007816
2.372001,-1.400581,-3.4162993,-1.7671863
0.086523816,0.50213397,0.3012202,0.24412897
0.48239702,-0.30891073,-0.5242987,-0.20992014
-0.9546248,-4.2208147,-1.6434591,-0.70703584
-1.1706641,-3.5533445,-1.4121914,-0.62460506
0.14129207,0.3952828,0.057384904,0.23132473
0.9873402,0.09173695,-0.9855526,-0.42228374
-0.42477155,-0.13695711,0.40591642,0.2812145
0.17843927,-1.32278,-1.0107756,-0.42825708
2.597022,5.1646695,0.84154826,0.22465657
-0.63476545,2.623702,2.1956432,1.0008994
-2.693649,-3.9205587,-0.043741897,-0.21766083
0.69940567,-1.6735884,-2.1658244,-1.0289689
-0.98598516,-2.5975,-0.366283,-0.16662373
1.5843892,-1.076635,-2.388471,-0.9864896
-1.6098962,-4.0440726,-0.39619032,-0.13304982
-1.3357998,3.4383702,3.5704165,1.7387918
0.8503965,1.6477737,0.092576094,0.30925316
-0.29706472,-2.622842,-1.5753825,-0.7333219
0.60254675,-5.1212087,-3.9558275,-1.8364922
0.98627514,1.2354928,0.13304031,0.060361344
-1.4385641,-1.742617,0.11620777,0.08503909
-1.1944566,-3.4058113,-1.1354376,-0.23661979
0.6507085,0.9352634,0.14729741,0.27545992
-1.8904518,-1.2408615,0.8730926,0.3245461
2.0678132,5.533143,1.6494383,0.7581535
0.8947625,-3.1824925,-3.176721,-1.5769231
-1.3208154,2.555121,3.2829788,1.6938431
-0.017222516,-0.4438835,0.3336502,0.2098814
-0.7455497,4.2488694,3.258672,1.5435113
2.1237743,0.18493952,-1.907864,-0.9000037
0.007895958,3.9470918,2.1495717,0.9855606
0.7046658,5.2464457,2.5140064,1.4656261
1.734075,-1.4684871,-2.7275631,-1.1389662
-1.8257968,-3.0731184,-0.27926287,-0.09168138
-0.057641998,-3.3823063,-1.9819174,-0.9390807
0.0653295,1.1434457,0.6709895,0.35012004
-0.8148875,2.2811756,2.5222776,1.2783598
0.18988529,2.1363013,1.255837,0.74274415
-0.4947615,-5.6178365,-3.2754347,-1.4932011
0.25938782,-3.8592403,-2.7505188,-1.3164262
-0.79284143,2.9337513,2.671207,1.099155
0.220643,0.052547403,0.043963235,-0.058741625
-0.48229027,1.5808674,1.5562211,1.0639578
-0.17780112,-0.8138732,-0.17176622,-0.2750981
-0.9966787,2.5874927,2.5266356,1.0283498
-2.013786,0.29984644,1.8476439,1.0340993
-0.3262574,0.8693097,0.8164822,0.6157337
-0.39476085,0.04578773,0.64032173,0.33188432
0.10962492,0.35801616,-0.33690268,-0.072199315
-0.16832238,2.1277802,1.5867656,0.7679088
2.0614738,-0.25967577,-1.8503265,-0.78267986
-0.12557656,-4.0328946,-3.0531058,-1.6905164
-0.72553587,-2.476955,-1.0666829,-0.42873028
0.93502784,-1.0895046,-1.5421691,-0.82169265
0.027362512,0.3925574,0.26155046,0.009573089
0.6443225,2.7830758,1.4521475,0.5509616
0.64770424,-6.2160287,-4.817494,-2.3384674
0.826799,-0.48642692,-0.89976907,-0.28146634
0.34618697,0.83733475,0.27702188,0.20585452
1.7754223,-2.2377458,-3.2536283,-1.7654684
-0.89069396,-1.1250459,-0.0111164935,0.06753483
-0.91659945,-3.0627408,-1.3168322,-0.5490673
-1.1253282,3.674856,2.948037,1.1770031
-1.4564512,0.061152782,1.3616662,0.6493943
-1.0988914,0.7307389,1.548099,0.71077573
-0.22515567,-1.9056429,-0.90632915,-0.35190848
1.1458701,-4.029962,-4.218049,-2.0453513
-2.1152115,-1.2857403,1.002335,0.35490903
0.46420333,-0.1751626,-0.30415618,-0.28692368
-0.78503054,-4.82033,-2.209345,-0.986432
-1.9996403,0.812934,2.7471468,1.1503294
-0.40714258,-1.1276275,-0.75875974,-0.6912649
-1.3487382,-0.86049384,1.1719232,0.3990709
0.2564823,-3.1193829,-2.5090253,-1.4213853
0.9204893,-4.571551,-3.7930357,-2.0354557
-0.028072692,-5.892737,-4.23121,-2.1597257
-0.23047352,-5.617298,-3.7025878,-1.5569303
-0.34775835,-0.25157678,0.2670048,0.33128297
2.9514508,-5.523132,-5.5109997,-3.0929635
1.9458561,2.3765888,-0.1495474,-0.011989869
0.75599444,-3.6333473,-2.8693275,-1.6201348
1.9537336,-0.03320958,-1.736851,-0.8144952
-1.3866205,2.0114112,2.8672738,1.682317
-0.8695982,-2.162418,-0.41184843,-0.069007374
0.23479074,-1.2799051,-0.64883626,-0.15579684
0.43910477,-1.0108643,-1.1783417,-0.55596083
-1.1397705,-9.561059,-4.3215437,-2.0028532
-1.3233734,3.5049117,3.3442454,1.6803015
-1.2349685,-2.8824172,-0.5312074,-0.22969373
-1.701387,5.241705,4.882043,2.463351
0.6509139,1.8210377,0.3907621,0.46633682
0.69524777,-0.34114414,-1.0498543,-0.25675854
0.25748622,-3.3033895,-2.3394306,-1.143861
0.79227626,4.1671386,1.7067149,0.6648938
-0.40290198,2.2741325,1.9643989,1.07573
-2.7201161,-1.4957836,1.471648,0.8316459
-0.8305619,-0.79812497,0.341748,0.38715613
1.9317914,4.855278,1.3738583,0.570986
1.171731,-0.05258897,-1.1544449,-0.41427803
0.023721585,-5.3519793,-3.613383,-1.7938305
-0.42145303,-2.7337196,-1.467751,-0.6008433
-0.42124936,1.1098571,1.5253122,0.7397671
0.92657995,-4.0682774,-3.5738506,-1.9478395
-1.0070724,-4.4274797,-1.7422373,-0.62787247
-0.21450754,-0.0612885,0.11721431,0.18672301
2.4073763,2.1086998,-0.7623702,-0.53924006
1.1832604,-3.864258,-3.361637,-1.6783473
0.3004918,2.3218174,1.5253702,0.7418375
-0.93328154,2.8619814,2.7718546,1.0923256
1.5733182,0.677078,-1.0505385,-0.5272483
-1.4829507,-2.5435033,-0.3128105,0.046485573
0.8931874,-0.13144808,-1.1529863,-0.87498224
0.001060093,-0.35888028,-0.35661077,-0.3615877
-1.2936729,-12.718621,-7.445444,-3.324526
0.26623732,0.1352799,-0.013848888,0.15986079
-1.5579236,0.12099012,1.5076722,0.66404694
0.48655975,2.4007192,0.9739894,0.5854736
0.35867327,0.71831137,0.35961956,0.0057637943
-0.0519561,-2.2969153,-1.4892361,-0.85044444
0.81021523,0.046803325,-0.4856164,-0.35834607
0.7954149,0.16850781,-0.98652756,-0.31882918
0.15321086,-4.661046,-3.1612139,-1.6358422
-0.18436377,3.3947995,2.3943493,1.096422
-0.23184964,-1.6193926,-0.7140162,-0.25321546
-0.7654027,0.9013152,1.5502818,0.6305713
-2.208218,-6.070284,-1.5150806,-0.70846456
1.4115936,0.0518188,-1.161092,-0.4667453
0.42997283,4.0367146,2.1100993,1.1204809
1.1031661,3.8227777,1.3430332,0.3260788
0.24573033,-6.4620337,-3.968281,-1.8428173
-0.71163666,1.4764758,1.954189,0.9244903
-2.2491696,-0.5999524,2.0576434,1.1877856
-0.0057164053,1.0416031,0.6482577,0.49693844
0.62972784,-0.4943688,-0.49062884,-0.24928007
-0.2940824,1.3823992,1.2969071,0.6036915
1.1433742,1.0786493,-0.39053184,-0.14919654
-0.7072307,-0.48718956,0.69482774,0.49914572
-0.693048,-3.710308,-1.6790923,-0.89577055
-0.00938906,-0.24338475,-0.0060217087,0.3493581
1.1362368,0.1298483,-1.3727638,-1.1216493
1.0865602,4.895075,2.1623957,1.143931
-0.0036528124,1.4443098,0.5223089,0.37492225
0.27162758,-2.5574894,-1.9551651,-0.8480019
-1.2239764,-1.2218763,0.33160925,0.25124815
-0.47880545,-1.659965,-0.6428198,-0.27148134
-0.030025907,3.4671373,2.5090868,1.2043035
1.123363,3.7774932,1.6282028,0.63642204
0.23667452,1.1922398,0.86643517,0.37662178
1.1552484,2.5214922,0.4998278,0.3190987
-0.1527051,-0.22482987,0.24416581,0.32436186
0.5116877,-0.45066074,-1.0514599,-0.64477664
0.2623969,-1.8588324,-1.3907009,-0.9238866
-0.86939585,-8.925759,-4.711542,-2.1003628
-1.4495168,-0.51905525,1.1218286,0.5077688
-0.29213664,-0.4042627,0.2078424,-0.031154327
-0.16183433,0.34004068,0.6320859,0.4224547
0.103772566,-3.1034307,-2.0403697,-1.1470182
-0.5267896,-0.14453875,0.6298549,0.3917631
0.519275,-2.0099,-1.9686688,-0.894772
-0.6150506,-6.249885,-3.900409,-1.7526037
1.3624241,1.0152029,-0.82952124,-0.54276896
0.16627142,0.48544315,-0.059661906,0.3981795
-0.90452176,-5.2767406,-2.7930686,-1.26275
-0.5821216,-0.09100114,0.40048212,0.21143028
-0.13245414,0.021784965,0.6013853,0.20026958
0.8978325,1.7300527,0.45002162,0.17996162
1.4014302,-3.594005,-4.12408,-2.018925
0.82952285,-1.8420701,-2.041354,-0.9003371
1.1659584,0.049656436,-1.1024936,-0.7044432
-1.4828924,0.38936374,1.689913,0.78385776
0.17543921,-3.2351773,-2.1815755,-1.1990361
0.1572322,5.720068,3.311722,1.6486541
0.01987045,-4.0276346,-3.342658,-1.6754998
1.1423491,3.2808046,1.0389098,0.16348587
-0.33048397,-3.9449956,-2.5653813,-1.138956
2.1686268,2.6722608,-0.51494485,-0.041518472
-0.6651198,-3.7224202,-2.011978,-0.8855669
-2.4868958,1.858669,3.2888231,1.7901627
0.41693893,-3.2047935,-2.6730258,-1.1678125
0.15845874,-3.5421135,-2.4280963,-1.378864
0.6408074,-1.7570757,-1.6352491,-0.58213335
2.5634215,2.8888578,-0.48418462,-0.20512655
0.58064044,-5.186186,-3.8119657,-1.6437111
0.11061734,-3.4335415,-2.463574,-1.4032915
-0.19390708,-1.5421311,-0.6185415,-0.27658328
-0.27621347,-2.7940361,-1.7260004,-0.7389579
-0.48150232,-6.9786,-3.338426,-1.8055218
-0.0038122153,-4.882135,-3.1811533,-1.2194424
-0.06698799,0.7515306,0.32713604,0.133356
1.7216465,-1.11842,-2.5028462,-1.0511019
0.36935523,-2.36924,-1.850712,-0.6258099
-0.29055867,1.8374689,1.85597,0.7844268
1.70286,0.49433327,-0.9777905,-0.46029875
1.2726525,-3.1785583,-3.6963925,-1.8855808
-1.2099591,3.9809911,3.612148,1.7364559
0.17845297,0.44551647,0.13685313,-0.09634475
1.4076022,2.0821714,-0.062028315,0.08228574
0.20534499,3.0334563,1.8706235,0.67275876
0.6051903,-2.167438,-1.977295,-1.1934232
1.8849663,0.4919584,-0.99200124,-0.6123494
0.1421448,1.3376721,0.713172,0.3873298
0.102439985,0.38001013,0.8703914,0.5028611
1.0889865,1.2601632,-0.25794616,0.08978228
0.97602063,0.5088673,-0.77819866,-0.34593967
-0.81321526,-3.6265397,-1.919367,-0.9437795
-0.4417675,-1.8877264,-0.5884444,-0.20986511
-1.9821918,-1.500383,0.64586854,0.27382565
-0.95806664,-1.3674413,0.09908352,-0.25904417
0.97931695,-1.0441556,-2.1002514,-1.062363
-0.7716417,-0.69294804,0.5634769,0.45093375
-0.63465655,-2.4976532,-0.9792239,-0.20453474
-1.1174529,0.85335034,1.7013377,0.92102706
-0.29864842,1.6709794,1.0944444,0.67002606
-3.0640225,-1.9995683,1.7009745,1.1845199
0.26348433,-0.522788,-0.4667635,-0.35196394
-1.1314219,0.872299,1.8328454,1.2305446
-0.5821301,2.1512,1.8478779,0.8453053
1.1420592,-0.10553065,-1.3547089,-0.29842153
0.39652002,-1.1999471,-1.4337438,-0.63661414
-1.6990378,-6.6809206,-2.4867637,-1.2361484
0.05538586,-4.7995,-3.0055943,-1.2952856
-1.9185845,-5.1290636,-1.291007,-0.63574785
-1.9157393,-2.3823059,0.23497915,0.12945445
-0.46132773,-0.5439421,0.5040568,0.3305616
0.39369893,1.7084458,1.1810223,0.883054
-0.03838468,-0.91121864,-0.28434294,0.2123659
-0.10621728,-5.06202,-3.2640457,-1.3911681
1.176773,-3.3790765,-3.4625738,-1.8043041
-1.4656874,-2.6778135,-0.049924448,0.18749534
-1.3701444,-3.5925174,-1.2180697,-0.3423548
1.3521245,-4.559797,-4.1176677,-1.9196174
-0.39477232,1.3282064,0.8920007,0.26888692
0.88482636,-1.8764383,-2.3954563,-1.0745434
-1.6161753,-2.7595887,-0.29837885,0.040926337
-1.3044263,1.2305975,1.9738538,0.746194
-0.98418576,-2.5625303,-0.7205897,-0.1835133
-0.52714527,-0.07152539,0.43600136,0.22682023
-2.0965264,-3.1390102,0.08313194,0.10820333
-0.4356317,-3.4120612,-2.0456038,-0.9410298
0.09302769,0.71628195,0.25550875,0.24527751
-2.0819767,-0.12467344,1.8248714,1.1356694
-1.2014111,-2.106029,-0.0083365375,-0.11971941
0.93776995,4.140174,1.8340386,0.84767544
-1.4623312,-5.189802,-1.5953159,-0.8699934
2.178045,0.6610678,-1.6126192,-0.5570189
1.26397,1.9584423,-0.19369468,-0.182568
0.47281346,-3.2071807,-2.5896826,-1.2155064
-0.7156254,3.137775,2.8307106,1.0192429
-2.112269,-0.20815969,1.4030902,0.698565
-0.83240044,-3.5009363,-1.3671117,-0.34632087
-0.61724347,-3.9867144,-2.2668185,-1.2397246
1.8898412,0.4378993,-1.4860277,-0.50348526
-0.5896186,1.6398029,1.2819407,0.8799613
-1.9017168,1.1051235,2.5415936,1.2073419
0.2903153,-2.9404502,-2.2892518,-1.0171758
1.8678313,3.1416361,0.060294032,-0.15323968
1.3192165,0.6662857,-0.8419109,-0.18277426
-0.25028768,-0.09101529,0.16703048,0.21902792
0.39423263,3.9003692,1.9648952,1.1628841
1.1146055,0.44655257,-1.1335975,-0.9379556
0.52621055,0.800883,0.2473744,0.3591384
-0.10944086,3.8734646,2.7285602,1.3149171
2.0506048,2.7745829,-0.07188835,-0.006845831
-1.9001547,-1.818835,0.6017302,0.45506874
-0.34737346,-5.9730134,-3.2962098,-1.5235105
-0.85936034,-0.88786614,0.2884478,0.10211735
-0.36804122,2.3185298,2.098931,1.0698357
-1.1101558,1.2903221,1.7998832,0.92041904
1.7970825,0.42026412,-1.4853581,-0.8570165
0.13342118,-2.3087375,-2.0978622,-0.9843894
-0.26192296,4.3526187,2.9584475,1.5224603
1.3878264,2.9585955,0.7244575,0.43593806
0.896694,4.2580686,1.9600586,0.83904
0.72357965,1.0001312,-0.28292075,-0.19134663
1.8082687,-0.087649345,-1.5088539,-0.59443855
-0.118502356,-0.61304414,0.0015171249,0.16275437
-1.6398689,0.084759966,1.9214401,0.6832101
0.0026605588,-2.3468878,-1.429974,-0.66334015
0.9172747,-1.8156257,-2.18493,-1.1225332
3.5047727,2.0381424,-1.4805846,-0.8254961
1.4367615,-0.60365885,-1.8253056,-0.87341374
-1.1502904,-0.046638034,1.2737111,0.9188324
0.44170192,-0.8910512,-0.97703886,-0.4731437
1.3361831,2.6024969,0.31831202,0.0855214
-0.3067094,-2.0862641,-1.3967206,-0.8344808
-0.9780581,0.35367316,1.2524121,0.6880658
1.1628444,-0.6654651,-2.0360355,-0.8600181
-1.1089187,1.047103,1.7847993,0.7226484
0.2676582,-1.8010236,-1.7155416,-0.78129
-1.6700059,-2.2935429,0.2363452,0.081271775
1.9351935,-0.122240536,-1.6752936,-0.94218606
-0.7923592,-4.456882,-2.4605892,-1.2473054
-0.3922278,-0.189338,0.49414286,0.4824005
0.86237866,-0.7472616,-1.5022674,-1.149858
0.6564953,1.199376,0.35126722,-0.024693003
-0.7094501,-0.7433245,0.22365803,0.10165494
-0.39928323,-3.3623114,-1.9805493,-0.98189497
2.3779557,2.6010075,-0.16047285,-0.09479026
-1.7468755,-4.91408,-1.239839,-0.43820742
-0.86976904,4.2101355,3.0437315,1.7292709
-0.7765306,-4.6404343,-2.4154136,-0.95115596
-0.9058723,-0.9778402,0.43186438,0.28618336
-1.0837299,6.595012,4.780034,2.2684577
0.66254425,1.5605892,-0.061491102,0.024522774
0.9651354,1.1287099,-0.163147,0.022815134
1.7752032,-2.2068384,-3.1445553,-1.659266
0.8584563,-3.9746666,-3.7699144,-1.6443776
0.12246243,-1.2832072,-1.1193597,-0.56769186
-0.753426,2.1096408,1.9864324,0.9264529
-0.3471995,-0.45335758,0.33088362,0.017160537
-1.0226526,-3.8917005,-1.1078019,-0.39200646
-0.052448146,-1.6904272,-1.5682607,-0.613677
1.898449,-2.744925,-3.6501102,-1.6966596
-0.24775213,0.8022805,0.58090115,-0.031076834
-0.95389634,-3.6046534,-1.8250533,-0.68151057
0.51646984,0.025583113,-0.36080548,-0.3312208
-0.040094223,0.301719,0.20573561,0.23322003
-0.7236154,0.14939332,1.2364081,0.6371623
0.029029807,0.31891602,0.2309523,0.22407882
-2.7256243,-2.6740131,1.0612077,0.63014627
0.025414735,-3.519008,-2.3723102,-1.1204466
0.17190708,-4.143164,-2.8162653,-1.1804274
-0.66822106,-2.4574482,-1.23979,-0.7154876
0.31238577,-0.30692846,-0.41686237,-0.06620466
1.043824,2.6726835,0.7990801,0.48029995
0.87290114,0.96912754,-0.3259315,-0.12007427
-0.6601952,-6.131786,-3.410946,-1.5967371
0.9496204,-0.5923608,-1.3974437,-0.4790621
1.2826794,0.27583382,-1.2627994,-0.7121006
0.27402103,-2.1406553,-1.5543287,-0.581209
0.47191492,-1.0585626,-1.4415932,-0.47472316
0.3372859,-0.7599244,-0.8064215,-0.45479742
1.2612423,1.9544989,-0.37090296,-0.33195642
1.9558424,-0.1651939,-1.4711022,-0.8332894
0.20744565,2.0468426,1.3580161,0.6476932
1.3754672,1.8812866,-0.14084105,-0.12580822
-0.8676626,-1.8522929,-0.34848204,-0.23462546
0.1455501,-4.7648134,-3.1305094,-1.2876636
-0.8307657,4.504828,3.7816548,1.8248742
0.8134272,-0.15364456,-0.6660922,-0.31925628
0.5380098,1.5884309,0.9528969,0.5689856
-1.1164255,0.5518544,1.7974232,1.0841637
0.9377863,-3.272924,-2.966672,-1.2295773
1.3869902,-2.301684,-3.0111492,-1.5306838
-2.0296938,-2.9901514,0.0041187247,-0.050997216
0.9974,1.4014164,0.021662105,0.050652903
2.2324092,5.722369,1.1529578,0.46160996
-0.5603921,-2.1629848,-1.3434018,-0.6183942
1.152866,-2.316966,-2.8016918,-1.4670444
-1.9009426,-1.2253759,0.96765924,0.4312488
0.78907907,2.7322168,0.84208906,0.44140786
0.4426334,-1.6731709,-1.6469175,-0.96168435
-0.67225474,-3.7089179,-1.6732925,-0.84344244
2.1399662,-2.2446735,-3.4814415,-1.725986
-0.5943756,-0.040315017,0.38898453,0.2309525
0.77962524,1.3947253,0.38237363,0.16177037
1.6669464,0.40474012,-1.4970315,-1.2337362
-0.63156515,0.42643532,1.3611265,0.7655644
-0.8600312,-0.31419513,0.913534,0.2890511
0.59315294,3.7353075,2.0511014,0.8976802
-1.2905718,0.26802605,1.2322664,0.7975708
2.5108664,-4.9607196,-5.4869967,-3.1066387
1.4303622,0.8025009,-0.9102661,-0.5865884
0.59877926,-0.4477347,-0.53296137,-0.3606322
-1.4593716,-4.352643,-1.8404791,-0.68107194
-0.08684018,-3.9815414,-2.7273266,-1.272379
2.8432167,7.433738,1.4923687,0.83294195
-1.6974531,-3.4625583,-0.7589583,-0.2072221
-0.8608094,-3.751375,-1.5332406,-0.7454652
-0.12848799,-6.058673,-3.5789697,-1.606987
2.6230507,-2.7354364,-4.0224147,-2.1853116
2.0042155,3.3682678,0.3164631,0.081552625
-1.8461165,3.383464,3.535708,1.7376668
-0.15501231,-2.1037035,-1.498527,-0.7067992
0.114046805,4.10577,2.890576,1.3281002
0.71340126,-0.70761484,-1.1759461,-0.55127954
-0.17772786,-2.3204062,-1.4161212,-0.80571556
-0.14522426,1.0000316,0.8358027,0.41694432
-0.52064115,-3.599652,-2.1845715,-0.91184634
-1.4995797,-2.833876,-0.5096204,-0.20896827
-0.9742926,2.61649,2.4574785,1.3065856
1.2249882,1.0235269,-0.46189138,-0.3238197
-0.65132296,5.437614,3.9110715,1.9156353
-0.13760807,-3.5345218,-2.0202222,-0.6992572
0.28523964,-2.1785839,-1.8380101,-0.8425352
-0.19138035,-2.4352257,-1.4710597,-0.6617416
2.2430608,1.9305825,-0.6379859,-0.3820425
0.11638039,-2.4337585,-2.3102508,-1.2282665
1.4655927,-1.5168861,-2.418518,-1.1801271
0.8028092,-1.918949,-2.094695,-0.9307864
-1.3840173,0.894997,1.6208794,0.9899992
-0.70868164,-5.5268927,-3.0227075,-1.5388207
-0.74592024,1.1000787,1.6052519,1.0064408
0.05782266,-4.7629275,-2.904912,-1.4015756
0.4103081,1.6347426,0.9307066,0.424991
-1.0548418,0.8356919,1.4950804,0.81045187
0.612196,3.3714914,1.2923926,0.6299509
0.049756575,-4.9372144,-3.18524,-1.3863326
0.5312541,-2.4766195,-2.330833,-1.3409917
-1.3469272,4.266843,3.964316,1.7331163
-1.125469,1.6909565,2.2736635,0.95880926
0.652826,-5.4900928,-4.012814,-2.258257
3.0659616,-1.3219521,-4.581122,-2.4101691
-1.9191269,5.019961,4.3207855,1.9359034
-0.13730612,-2.6046412,-1.4738637,-0.7059821
0.64652544,-2.0348847,-1.9242982,-0.87338424
-0.6249776,-4.316464,-1.9252459,-0.9719669
0.37762478,-0.43904948,-0.92803806,-0.578887
-0.08119628,2.2319825,1.7444006,0.90110445
-0.41285956,-0.4439081,0.013414968,0.066223875
0.8977035,1.5545379,0.008807846,-0.14316632
0.5621048,1.8698527,0.7127588,0.1479775
-0.785646,-0.31183547,0.7703049,0.3353964
-1.5972918,3.387782,3.8143318,1.9741228
0.6839448,-2.8808696,-2.7167766,-1.2414895
-0.6481367,-7.784681,-4.3973527,-1.9967204
-0.6565806,3.8163831,2.7272155,1.4934771
-0.4116253,-0.80372095,-0.1001239,-0.06927979
-1.0224342,1.8225181,2.2556586,1.1686155
-1.9716738,5.284073,4.6016345,2.0953083
0.7341135,2.079507,0.89968103,0.3373295
-1.0764347,-1.9888917,-0.20108184,0.23855574
0.5048185,-0.21988907,-0.6614593,-0.12782788
-0.78748,1.1224962,1.7180504,1.117386
-0.057327546,7.9179525,4.910367,2.4438484
0.8228561,-5.2366776,-4.1316695,-2.0957458
0.51253027,2.033768,0.4106213,0.09502513
-0.75165546,-2.6039124,-0.80516416,-0.40359145
-0.57295585,1.2973143,1.2653722,0.82845
-1.8025014,-2.165417,0.1189703,0.42605132
2.1806352,5.604366,1.6994218,0.8407828
0.54786897,-1.0907558,-1.4396254,-0.48909232
0.17654987,3.0723896,1.7961292,0.82659376
0.79165626,-5.295884,-3.9023068,-1.849488
-0.99976283,3.2935777,3.1868427,1.4615097
1.4455401,-1.3443912,-2.3181705,-1.1314585
-1.0175357,1.4712884,2.4147108,1.0789561
-0.55775166,0.67510253,0.9774581,0.18103807
0.9749569,-3.4017365,-3.36609,-1.5082822
-0.6739355,-1.9277763,-0.6309459,-0.40735802
0.9489522,4.3221273,1.6847432,0.76191646
0.57537425,-1.0896945,-1.5356067,-0.81813234
0.06907285,2.6926017,1.6484135,0.7162155
0.52918255,2.3625739,1.0247924,0.74670905
-0.17510259,1.5070941,1.4616491,0.69963026
-0.76150084,2.7403443,2.5031414,1.083296
-0.17559098,1.6662061,0.71765935,0.41656095
0.02624862,-0.69403756,-0.22549587,-0.08210806
1.5348816,-7.493472,-6.321357,-2.9064853
1.9219168,-3.0141296,-3.8492987,-1.8956795
-1.6150727,0.029967163,1.4791918,1.0283965
1.1451453,0.6748391,-0.58365875,-0.31043294
-0.37806365,-1.3858294,-0.54029125,-0.30516353
-0.5109876,-5.8669286,-3.527467,-1.6860005
-0.6465318,-0.48766068,0.15779606,-0.117701225
-0.07396298,1.508616,0.6510933,0.34050548
-0.6118259,1.1156343,1.50601,0.8486797
-0.14244065,-1.3118062,-0.92695534,-0.37588602
-0.54154325,-1.7918512,-0.3963619,-0.04974055
-0.16732335,-2.5043762,-1.585883,-0.78407425
-0.6371567,0.3086779,0.8505767,0.58063036
-0.20664425,-3.0379477,-1.2839272,-0.6350179
-0.32428676,-3.8864021,-2.4769483,-1.3045046
0.022165805,-3.9862185,-2.8897986,-1.4174603
0.27033943,1.1045259,0.73464227,0.11236336
0.0731344,-5.5418377,-3.4696593,-1.7022959
-1.1842923,-3.3221905,-1.109341,-0.39644486
0.6675963,-2.9765623,-2.459127,-1.2675189
0.90084964,1.7321379,0.09124738,-0.0879427
-0.631368,-4.974082,-2.393638,-1.058086
-0.9721061,-0.4136884,0.93139994,0.5295869
0.076324426,-2.1839538,-1.272015,-0.9131059
0.10247288,2.0959485,1.6918784,1.0394006
2.0928438,-1.5221795,-3.6658044,-1.8146663
0.15366521,-1.5946946,-1.1425171,-0.64343977
-1.7425416,-0.47660878,1.3764999,0.6465976
-0.8226078,-3.1514304,-1.160763,-0.6326135
0.26714155,-4.6847677,-3.3083634,-1.8513474
-1.1356255,-5.508352,-2.7182748,-1.3946042
1.4867233,0.5521662,-0.57271683,-0.2634544
-0.024333198,1.1882356,0.76440865,0.3898182
0.72993314,-1.1238317,-1.4583118,-0.74882394
0.9762629,1.1843948,-0.443577,-0.3561242
-0.19912124,-3.7786295,-2.7675643,-1.0836811
0.5823708,4.1957593,2.2702205,0.8999265
-0.120553955,-0.7589529,-0.5120577,-0.28092843
1.1040214,-1.3545601,-2.0336885,-0.9824514
-0.18873571,-2.3048534,-1.3370651,-0.44258386
1.1310155,-5.374999,-4.9443064,-1.9796158
0.44691736,-4.2251425,-3.5709715,-1.8591398
-0.265543,3.6758087,2.618765,1.412116
1.1950593,0.70610917,-0.43472365,-0.16374394
0.55432785,0.20702189,-0.5414592,-0.3294139
1.2689961,-1.6323429,-2.0755353,-0.93473846
1.2651511,0.43634406,-0.68754077,-0.22194089
-0.11006013,3.6104302,2.254618,0.8864229
-0.45152268,-0.45524517,0.24244751,0.085794255
0.6420881,-1.1032288,-1.7276206,-0.8636401
2.3348265,11.270446,5.3343706,2.809007
-2.471382,-5.0209126,-1.4154049,-1.0508496
0.74872375,-0.38665175,-1.221328,-0.54448205
0.049806368,-3.8257282,-2.5299683,-1.2988155
2.3700361,3.8528047,0.39549598,0.12543319
2.80077,1.9031513,-1.353743,-0.7979007
0.8004549,-0.4238417,-1.1231747,-0.44609326
-0.04913668,-1.7188827,-0.9640955,-0.272453
0.39049283,-3.050779,-2.6242359,-0.9798224
0.9247017,0.6355533,-0.19338149,0.021050807
-2.3422146,-0.50622976,1.4908462,0.9312057
0.60103285,-3.7017384,-3.0410721,-1.4449968
-0.23812494,-5.060452,-2.8239162,-1.6099586
2.0535219,-1.8458365,-3.3511827,-1.8927276
1.3050258,4.03164,1.4444467,0.64980406
-0.800166,0.7949424,1.6463765,0.50016534
-1.2350228,1.104967,1.8409816,0.8330364
-1.4597071,-1.8393102,-0.123646855,-0.12426604
-0.08053892,-3.9660282,-2.6538658,-1.2700398
0.78670555,0.86401504,0.09840818,0.21980844
-0.42050442,-2.518864,-0.8486097,-0.19658186
-1.0710769,-4.044989,-1.6106913,-0.68999547
0.8880264,-1.312694,-1.8614815,-1.0179889
0.08838393,1.0053477,0.6559201,0.33024305
1.686013,0.279397,-1.3848461,-0.6271008
0.4673886,-2.0966313,-1.8771795,-1.1118225
-0.30198458,-4.049784,-2.193837,-0.9718355
0.14023755,-0.17139295,0.13127583,-0.097856395
0.18969326,5.6806955,3.2729616,1.626274
-0.16379094,-0.8955219,-0.28361258,-0.11198253
-0.027268792,-1.5623379,-1.0720825,-0.58463323
0.0040341094,-4.538885,-2.4599621,-0.9452211
0.47181916,1.8567365,0.610369,0.37627873
-1.4601784,0.3585844,1.225317,0.58490187
-0.118417025,-2.521575,-1.484747,-0.8396313
0.9861849,-3.209048,-3.4570308,-1.6172916
-0.8058645,-0.8122469,0.5399288,0.29363954
-0.16973342,-2.409733,-1.4635744,-0.9099442
1.5433346,4.5927806,1.605632,0.39625606
-0.6259556,-2.302148,-1.0127314,-0.6773829
-2.4536536,0.09021175,3.0422478,1.7912707
0.8139865,2.362892,0.9731362,0.70998615
-0.3100371,-0.9858574,-0.34591234,-0.19446029
0.11898748,4.22737,2.697918,1.5129035
0.49834168,0.15652715,-0.2956152,-0.08351812
-0.118678465,-3.6736324,-2.2636302,-1.0995857
-0.08173657,-8.20756,-5.5636926,-2.694258
1.9717296,2.7201295,-0.18347874,-0.0819044
0.5269347,1.9632778,0.741676,0.26105258
-0.6941442,4.7494464,3.8009396,1.6161243
-0.5903035,-0.27503452,0.22085752,-0.11256595
1.0957807,5.694855,2.437037,1.0941954
0.6316857,-0.49661726,-0.879088,-0.359777
-1.2401606,-1.7693409,-0.31688145,0.13877611
-0.7704903,1.3933151,2.1746907,0.90399736
-1.4710064,-1.3254539,0.16514175,0.14913145
-1.119555,-5.4585013,-2.3744595,-1.0029356
0.3303298,0.6804372,0.146324,0.16128431
-0.70060956,4.8081436,4.1120515,2.1118188
-0.19401562,-0.69627017,-0.35521123,-0.08380749
-0.28429478,-0.5256012,-0.04663438,-0.19388236
0.84474796,0.16440368,-0.8621571,-0.49212748
-1.847325,5.620547,5.1005554,1.7395157
-2.18018,-2.5977108,0.5028967,0.53721136
-0.12024007,0.44194907,0.47601125,0.19123243
-0.5273556,2.1360195,1.8668519,1.2120572
0.5188437,-1.839106,-1.8496945,-0.8962828
0.7275999,-1.5956454,-2.0146587,-1.0066476
0.74024755,0.22690538,-0.5759386,-0.3853252
-1.3564728,-0.4612246,1.5664598,0.8374303
1.5969571,-5.6359954,-5.5785832,-2.7719197
-0.54216456,1.6530244,1.4742489,0.82727873
1.5948818,5.3409667,1.6285466,0.4900922
1.3804663,-5.650964,-5.122025,-2.060242
-2.1180182,-2.503082,0.23814104,0.1802866
-1.2449405,-7.2989907,-3.5130146,-1.6508754
-0.7760274,-4.5070353,-2.2352648,-0.81791747
1.2896732,1.7170281,-0.025146084,0.29814968
0.64431983,-2.1417365,-1.9996991,-1.052688
-0.61135143,-2.6932545,-1.0376154,-0.46126053
-1.508988,-5.80553,-2.508335,-0.9965123
0.5949693,2.757187,1.8870134,0.80578697
2.188969,4.5357013,0.6529718,0.30979726
1.0423522,-5.093289,-4.3699102,-2.1171434
-0.37156847,-2.2681723,-1.0263942,-0.73533
-0.16509971,-2.9904506,-2.4830847,-0.94954777
-1.5892013,-4.5443926,-1.0934947,-0.62146354
1.305853,1.4023556,-0.44131255,-0.03636865
-1.8748573,0.23567195,1.8867866,1.1294303
-0.09508821,-2.276467,-1.2177409,-0.31869057
-0.17339194,-2.57382,-1.3146696,-0.3062604
-1.4707576,-2.895149,-0.5277631,-0.22666873
0.58325064,1.0711567,0.60064,0.344098
-1.3368051,-4.2937474,-1.8893567,-0.88153726
1.7021896,0.472238,-1.3819704,-0.9311897
-1.1701803,-2.4383721,-0.11943523,0.26621348
-0.44942972,-2.437336,-1.5936955,-1.2237545
-2.2213647,-5.1299753,-0.33301035,-0.16921125
-0.9415045,4.747739,3.6395912,1.9215336
0.7506388,-1.826662,-2.4048762,-0.85024804
0.49626634,2.0975645,1.1399472,0.7061387
-1.9569204,2.246328,3.7747197,2.0989451
-0.37237158,-3.0776772,-1.6531556,-0.7863047
-1.8088181,0.04009318,1.798878,1.1127168
-1.5556074,0.40801135,1.4774656,0.7589351
-0.8158649,-0.4215073,0.54349095,0.42280823
1.0996711,3.8306403,1.5532103,0.7565053
1.6157466,-0.8887448,-2.2708874,-1.2487597
-1.8371328,-0.53291273,1.4893243,0.796076
-0.10102893,-0.8779019,-0.26928273,-0.38893113
0.5690268,-1.103752,-1.6135321,-0.84810764
0.77189326,-0.83757895,-1.2970315,-0.5901883
0.2527687,2.959671,1.9948915,1.2107687
0.2788103,-2.0832,-1.4886483,-0.71772516
-2.428241,-3.2114277,0.39568153,0.17423971
0.09839826,0.12907687,0.37334386,0.58542097
-0.08177357,-2.4979074,-1.369609,-0.56695646
-0.61829007,-0.34441388,0.3492086,0.30018765
0.1379943,-3.5986834,-2.5875158,-1.1193091
-1.0350034,-0.40341505,0.7073172,0.12286885
0.14364335,-1.2571112,-0.90757966,-0.5433958
-0.3669899,-0.018916165,0.3707989,0.20550811
-0.5911442,1.9164826,2.2750845,1.0098459
-0.5487476,1.3156543,1.3650018,0.5392666
2.114031,1.6382935,-0.947828,-0.36117816
-1.3222008,2.3880298,3.4665031,1.6879474
0.38467333,-2.4347844,-1.8987118,-0.89342505
0.3775175,3.4735339,1.8168522,0.649386
-0.5791178,-2.7879755,-1.1339548,-0.9007392
-1.4428544,-4.7448573,-1.555331,-0.9293474
1.3640252,-2.46839,-2.9706137,-1.5096172
1.7053058,-1.1417327,-2.3871648,-1.0858284
-0.8551222,-2.547321,-0.92641926,-0.48906982
-0.07955109,2.5533364,1.8473742,0.85538375
0.6193683,1.1325688,0.015875855,-0.032179043
1.4238081,1.1180705,-0.6883338,-0.16026166
1.4181846,0.6617384,-1.0221716,-0.7593399
0.2524949,0.97836345,0.16996443,0.07376973
1.5831536,-2.6166112,-3.1188312,-1.61857
-0.12518531,-1.5542245,-0.9295938,-0.30060744
-0.41080686,-3.112773,-1.6015366,-0.74095935
0.59648573,2.7143528,0.97853124,0.35060817
-1.1303496,0.5924431,1.687905,0.8194226
-0.8521493,-3.195269,-1.3221294,-0.6793794
-0.7114478,3.2298207,3.0576153,1.693573
0.4562968,4.8238325,2.4646606,1.443626
-0.34748104,-1.9132864,-0.9013727,-0.22380447
0.10137628,-1.6674795,-1.4403225,-0.39656362
0.10656811,-3.5482345,-2.4621003,-1.0591168
0.59523994,-1.3339679,-1.1174148,-0.26073283
0.48343903,2.7519798,1.3186507,0.8278066
-0.43315145,-5.31481,-3.0730176,-1.7049267
1.7240146,5.668302,1.8216255,0.99330175
-2.4392474,-0.961197,1.7395709,0.9370509
-1.1740807,-2.6892245,-0.49166104,-0.21253026
0.48589832,1.2855804,0.1415171,0.09128714
-1.5779407,3.0423958,3.5712414,1.8215475
-0.99843377,1.4080735,2.2492812,1.086281
-0.6098388,-1.9729692,-0.73263055,-0.42247432
-1.4611815,-3.1391368,-0.48264977,-0.24403858
1.2125623,-0.2896414,-1.4309773,-0.63410294
1.7453054,0.4902989,-0.93983275,-0.26191214
0.81588864,-1.3208858,-1.8490064,-0.69452405
-2.0384545,1.8154753,2.971405,1.6326772
-0.44586608,0.23046948,0.7498674,0.52387726
-0.7429132,0.35036692,1.1984159,0.722819
0.5320137,1.0933075,-0.10316479,0.13705802
-0.1294835,-3.083022,-1.794496,-0.79894567
1.8508495,3.399114,0.50382113,0.21592975
1.3605433,-4.2971783,-4.031161,-1.9234967
1.6730428,1.2157842,-0.81227076,-0.21320803
-0.7891207,-3.978721,-1.8700695,-0.992608
0.45218876,-6.5030475,-4.5937266,-2.1536498
-3.875977,-3.982114,1.0733744,0.48221728
-1.396727,1.0251186,2.12646,1.2613549
0.25482583,5.192664,3.5288813,1.661996
-0.013269886,-4.7189856,-2.9076726,-1.1653421
1.3689959,0.0087568555,-1.2904465,-0.27336735
1.2966146,-0.23117748,-1.2338796,-0.5111216
-0.44945785,-1.4736555,-0.8480752,-0.46479976
0.93977004,-3.1912107,-3.2005863,-1.774897
0.5828655,-3.8663387,-2.7662685,-1.3762443
-0.19498657,-3.3141298,-2.406645,-1.1923604
-0.12100847,-3.1828723,-1.9592743,-1.1044163
-0.78488135,1.573151,2.1057827,1.0851746
0.60205644,-1.1274285,-0.95544106,-0.38130456
-1.7573031,2.198682,3.2176716,1.6415948
-1.2238475,1.7963221,2.4945683,1.2497996
1.4983773,-3.666566,-4.2543974,-2.1262946
0.18328458,-1.3780265,-1.0243437,-0.29521042
-0.13971502,-5.381949,-3.4757335,-1.4335439
1.8616624,-1.443019,-2.708646,-1.6557893
2.432209,-2.602124,-3.9939928,-1.9364119
0.14867175,-9.72036,-5.708013,-2.7239437
-0.8050108,0.65790474,1.4957,0.79460293
0.11553014,-6.2420006,-4.032505,-1.9003544
-0.590743,-3.9560769,-2.0085542,-1.0382199
2.1891215,-2.7958422,-4.087414,-1.8267958
0.11250245,-3.1967201,-2.1429946,-1.145095
1.619568,3.4023092,0.4530895,0.16452104
-1.7497379,-2.3740108,0.16896088,0.13687499
-0.4130918,3.1696439,2.2950706,1.0178398
-1.4465631,-0.40770942,1.3251654,0.616792
-1.1350995,-5.440108,-2.3682532,-0.9597495
0.37807444,-1.1558846,-1.11028,-0.6251753
0.6184886,-2.2685165,-2.375409,-0.9694092
0.83351415,0.9977029,-0.0013032695,-0.21100035
1.8836484,-6.3120112,-5.7271023,-2.966073
-0.411036,-9.045277,-5.0080233,-2.6108232
-0.7769342,1.191993,1.3746469,0.8966182
-1.5315305,3.5865471,3.8130085,1.5669302
0.16693255,0.72089195,0.2763131,0.16981348
0.17282267,-0.5794449,-0.44660264,-0.16522622
-0.95854586,-1.1668518,0.017839279,0.24426556
-0.8629654,2.770957,2.6985192,1.4612645
0.41253403,-0.58521485,-0.5268845,0.05593864
-0.05806413,-2.2016673,-1.4120066,-0.6300372
-1.8319727,4.0874505,4.4851575,2.0988524
-0.82546806,3.2005272,2.6416442,1.4176443
-0.62329847,-0.6920555,0.350724,0.41300803
0.23493196,-0.6007728,-0.69659305,-0.37375355
-0.1360408,-3.178299,-2.1199853,-0.8770863
1.1683613,-3.6913764,-3.6866617,-1.7336304
0.9223259,1.524938,-0.25005075,-0.056411568
-0.67364526,3.4902759,3.0334833,1.7776576
-0.957656,1.6401614,1.716838,0.9687462
-1.3104559,1.7900978,2.6797287,1.3859186
-0.6780809,2.476032,2.9251537,1.2384262
-1.4904811,-1.1096832,0.90524364,0.3304608
-0.041714974,-3.923312,-2.831261,-1.1547879
0.71614206,-1.8447942,-1.7299273,-0.6316609
-1.1876781,-1.4296666,0.22053272,0.117490046
1.9051594,-0.04880886,-1.7905728,-0.93756926
0.961091,2.5687492,1.2613394,0.7924972
-0.48000735,-1.5550812,-0.42056203,-0.12626405
2.5821257,-5.83609,-5.9837675,-3.1796317
0.9145052,2.490748,0.8116798,0.69386333
-0.33259487,-2.1267745,-1.0650594,-0.8406108
0.8404196,2.6471207,0.76647747,0.5973927
-0.32146376,2.328923,2.3713558,1.5555102
0.4626815,1.917473,0.8788606,0.39591467
-1.4913827,-5.836315,-2.7191684,-1.3288269
1.4756211,-0.818226,-2.398288,-1.1311198
-0.08071702,-7.1707187,-4.1503954,-1.7818329
0.015682755,-3.800854,-3.0221279,-1.175167
-1.1364225,-3.92931,-1.6165513,-0.83998734
-0.7621318,-3.810483,-2.0507913,-1.0307393
-1.9366055,-0.44028854,1.4700936,0.7445835
-0.05314839,-1.924368,-1.2257599,-0.43223384
-0.07116928,-4.8808517,-3.4333801,-1.8186843
0.09284417,0.52732694,0.4592526,0.11645138
-0.01135546,-4.3655186,-3.04615,-1.5016686
1.7202796,-0.6503622,-1.8015862,-1.135872
-0.96273786,-4.348402,-1.8677003,-0.89690554
-0.029841404,-3.2599404,-2.3497496,-1.3607204
0.75759166,1.4151374,0.4335145,0.107000835
-0.7453265,1.143715,0.91281384,0.7439383
0.05272269,1.7160227,1.4439555,0.58467233
3.5811038,-7.3651967,-8.164466,-4.716289
-0.599211,2.2316253,2.4799554,1.3006586
0.3561296,-5.455447,-3.7894733,-1.7146175
0.61653453,-4.1569357,-3.4103863,-1.4529533
-0.38814634,-4.041908,-2.0683384,-1.2175087
0.77491283,-3.202753,-3.0503888,-1.5954401
-2.5078707,-4.6116796,-0.17866962,0.035705503
0.8150619,-0.8969052,-1.0827467,-0.410824
-0.952374,1.0255909,1.4076638,0.86843216
-0.26867464,-3.097645,-1.6634153,-0.7051798
0.22169319,-1.8569193,-1.1495115,-0.80042493
1.0340445,3.8140097,1.3057051,0.5081831
0.6127644,-5.757453,-4.2278233,-1.8108727
-0.8569946,-2.2616565,-0.6067214,0.054532416
-1.200526,-3.8873906,-1.6116434,-0.66538435
-0.48492497,-2.0207202,-0.88612837,-0.54665464
1.6179371,-0.8134239,-2.3597531,-1.1271273
-0.52971286,-2.8604941,-1.44532,-0.5478448
-1.1537504,1.5720644,2.077097,0.9616978
0.71619505,-1.1209531,-2.0117106,-0.73384887
-1.6873068,-0.041726507,1.9233967,0.93444896
0.09912664,-2.7588482,-1.8232293,-0.72306955
-0.9904501,4.571445,3.6205137,1.7082617
-0.3953773,-1.8560816,-0.78691334,-0.32119828
0.74011856,-2.841493,-2.609561,-1.2981762
-0.49928844,-0.80402726,-0.059673388,-0.15218306
-1.4929675,-5.8585076,-1.9165224,-0.6862964
0.90533036,2.8794436,1.1697813,0.79650813
0.70135653,0.3002667,-0.42044657,0.034980442
-0.65243936,-1.9926854,-1.123446,-0.6395526
-0.54689175,-0.52015936,0.17691192,0.052787438
-0.28324652,-0.35310102,-0.08164626,-0.00054814166
-1.8897183,0.94830656,2.256364,1.2451344
-1.2856288,0.45319673,1.2886633,0.70153916
1.5057898,-0.4658118,-1.4598947,-0.49207774
-0.26236957,-1.7098168,-1.016871,-0.27406502
-0.5918578,-3.3029046,-1.3767332,-0.4891772
0.36900333,-1.6874809,-1.7167505,-0.7030985
-0.6823757,-3.1297412,-1.4780947,-0.83535904
-0.5849275,-1.667688,-0.8796841,-0.36135158
-1.2218965,-0.3410059,1.0385444,0.5993151
-1.6112957,-1.2638263,0.7409179,0.43541375
-1.8467468,1.1650655,2.5567784,1.3836721
-1.576884,0.5286499,2.093418,1.1070148
-0.51192075,0.13593382,0.6251851,0.13042971
-1.0561607,-0.54581887,0.77857953,0.4887283
0.5513356,1.4980307,0.7104187,0.47179475
0.6221963,-2.8286848,-2.8939843,-1.426152
-0.9758146,0.41058385,0.9213585,0.4871274
-0.68912417,2.6231081,2.6329687,1.1398084
-1.1356087,0.20338261,1.0790082,0.5410335
-0.40474015,4.7358375,2.9564931,1.460944
0.93605036,2.1839495,0.48948073,0.36746144
-0.23134889,-2.179253,-1.2046816,-0.48967937
0.6568945,-0.30931625,-1.0665135,-0.40757567
-0.13386427,-0.50431895,0.085890755,0.39042413
-0.14223087,-3.795497,-2.1410522,-0.80107933
-0.019621726,-1.7911546,-0.6677541,-0.51414114
-0.12157033,-0.20029633,-0.06079405,0.30656222
-2.8060293,-0.21384253,2.642487,1.0052569
-2.1199143,-3.5835326,-0.001028016,0.14187992
0.5527345,-3.2259872,-2.7135086,-1.54189
0.4547417,-1.0591989,-1.6717952,-0.7171768
1.870423,4.3016095,1.2131267,0.59365606
-0.07768442,-1.9246387,-1.022114,-0.45676953
-1.5104429,-0.5876842,0.99590206,0.6629251
0.74195254,5.6458683,3.1070538,1.4037856
1.4079887,-4.225917,-4.241764,-1.9719741
-0.39613613,1.5194527,1.1210246,0.47787493
1.3116511,1.3251674,-0.3139033,-0.3966883
-0.44943064,3.2913089,2.1206832,0.9391323
0.22216813,-4.370996,-3.054594,-1.4721521
-0.929322,-1.2033136,0.2797787,0.17664132
1.9858685,1.5973442,-0.76507163,-0.27359855
-0.028534848,2.7753434,2.1119983,1.0696243
-3.4672515,-5.0452876,0.13675143,-0.029783268
0.91149384,-3.944045,-3.330159,-1.4034168
-1.2634498,-2.1204228,-0.27870032,-0.042596653
-1.3319899,0.75958884,1.5973309,0.60346776
-1.0491245,-3.6216276,-1.6468556,-0.7179565
0.112851515,-5.84002,-4.143899,-1.9136367
0.5339715,1.7280444,0.96943116,0.2366328
1.0086946,-2.3407583,-2.861954,-1.4574292
-0.62607837,2.1726456,2.2082746,0.97202754
-0.8502246,-7.5288825,-3.6082969,-1.6965044
0.79533124,2.7199352,1.2171966,0.54334545
0.42930898,1.6160253,0.6129421,0.5828681
1.3325856,-2.0891697,-2.655857,-1.2053915
-0.09826698,-1.1314327,-0.49788392,-0.086722165
-0.13602024,5.5062127,3.4541776,1.5229217
-0.0112272175,1.074799,0.5735544,0.49803752
-0.7076867,-1.6622264,-0.42818904,-0.035045523
0.7148107,-0.52287585,-0.83184737,-0.4984678
-1.7254087,-6.3024735,-2.1223888,-1.1518573
0.71363413,6.330415,3.1798952,1.5406386
0.03369751,0.8693874,0.5997699,0.44954425
0.61503685,6.229514,3.3202214,1.6728039
0.45304924,0.06727496,-0.46375078,-0.12545335
-0.85695606,-1.9249327,-0.4815591,-0.077422
1.2522204,-1.8435023,-2.742909,-1.337933
0.45257398,-1.3414353,-1.7192636,-0.82836425
0.14086387,4.5914655,2.7843606,1.1480198
-0.46169192,-3.6478863,-2.2306554,-1.2824854
-1.3958926,-5.5342827,-2.164963,-0.8743786
0.50700855,-2.5119169,-1.9289278,-0.6991886
2.3707538,3.1212044,-0.5624063,-0.47770518
0.008339881,-0.01202772,0.11305672,0.005070624
1.8191663,4.89954,1.4958725,0.5972811
-1.1455276,-4.9121094,-1.9161851,-0.62322146
-0.7161489,2.3221195,2.1923356,0.9784007
-1.4943407,-5.030332,-2.2157621,-0.84077996
-0.86758643,2.7953217,2.7975416,1.4425949
-2.668176,-0.035506062,2.4919713,1.6839072
-0.24189359,1.8846115,1.529349,0.84262204
2.7701402,0.7056546,-2.0879762,-0.99507505
-1.1035235,-1.3560272,0.12365264,0.27607715
0.9090592,2.2099283,0.34857613,0.29939604
-0.2531692,-1.7164919,-0.9959841,-0.38433582
0.77419686,-1.3054917,-2.2411904,-0.8098513
-0.39719716,5.7735944,3.5843327,1.6170456
-0.34856808,-0.89087003,-0.41408706,0.03168985
0.037919693,-3.9198234,-2.6098783,-1.1751792
0.5292792,0.8176846,0.036175676,0.15043111
0.40188026,3.292071,1.6997966,0.8732277
-0.9416363,-2.2242167,-0.35213852,-0.20141557
-0.18518668,0.14348862,0.6180696,0.6116926
-1.6255367,-3.6408458,-0.8988125,-0.30662835
0.14330907,0.4094849,0.31475663,0.13733256
-0.19900136,-2.181146,-1.585818,-0.8528366
0.19159943,9.119831,4.984121,1.8424386
0.82939297,0.83408725,-0.3332485,0.0075866184
1.0841942,-0.85936797,-1.791704,-0.7177183
0.8077375,-2.0122716,-2.3332808,-1.0639241
1.5358667,-3.436583,-3.8532066,-1.7516613
-0.14427593,-1.2795553,-0.66466266,-0.33932397
-2.720351,-3.8399282,0.21291332,0.19173649
0.9692289,-4.4845815,-3.6660938,-1.6916548
0.94501615,-0.124971166,-1.1150066,-0.6485653
-0.36406347,1.138878,1.3257858,0.75495106
1.1626201,-1.0376508,-1.495995,-0.77008444
-1.1062994,1.1567107,1.9972545,1.0777619
1.7590237,-1.5327989,-2.5929668,-1.2675607
3.436677,4.2428236,-0.5098229,-0.27055836
-2.2690985,-3.3511539,0.07824,0.40004984
0.61006975,-0.91841143,-1.449129,-0.82184446
0.1999569,0.20641118,0.12490276,0.21640298
-1.1284318,-1.3982823,0.23053497,0.36749896
-0.16464101,1.1714268,1.3388861,0.4620699
-0.42244747,-1.5317748,-0.63655514,-0.5954453
2.1114938,-0.22758783,-1.9244796,-1.0985986
0.23999102,-3.449993,-2.7267048,-1.4133221
-0.64582604,-2.707686,-1.0850978,-0.399777
0.5859018,0.41007382,0.43184853,0.14848442
-0.47351497,0.685408,0.56000257,0.19233751
-0.5997095,-1.7685826,-0.9285199,-0.38982186
0.52015465,5.085224,2.5722816,1.5002933
-1.2072858,1.3845153,1.8467333,0.89743394
0.074345045,-6.4874496,-4.058167,-1.5065308
0.5383935,-1.191413,-1.720453,-0.86504143
-0.42038706,-1.3575944,-0.5009753,-0.16974223
3.113903,1.6027136,-1.7065036,-1.0426025
0.17107363,0.12073211,-0.06638591,-0.011868689
-1.9704633,-0.8506186,0.8314622,0.33932734
-1.325873,-6.5857563,-2.9980032,-1.5555998
0.7864085,2.4803953,0.6365605,0.00036826776
-0.175127,-1.9831109,-1.2464907,-0.6858479
-0.34063867,2.1362734,1.7573382,0.87825644
0.3891738,2.3558626,1.1451273,0.46096346
1.5497584,0.96525544,-0.567383,-0.27286446
-0.34248814,-5.094755,-2.0855694,-1.076398
0.38119805,-0.8543063,-0.7712792,-0.3019911
1.4252423,-6.3365254,-5.4017982,-2.5531576
-0.5279093,-4.300094,-2.2642367,-0.73589903
1.4405645,3.4931338,1.1863122,0.6520469
0.7391864,0.6133924,-0.5958123,-0.25342378
-1.6024513,-0.012366237,1.5333089,0.66682863
1.4586586,6.1315417,2.4139798,1.00271
0.17918977,-0.9642077,-0.9203987,-0.3973001
0.107687384,0.46356088,0.25222322,-0.08661271
-2.1022894,-2.583492,0.4811289,0.28801444
-0.67420655,-0.66428745,0.41378832,0.34303457
-1.2212147,0.57048136,1.8011793,1.0837134
-1.7857794,-0.07073603,1.362658,0.67493546
0.8079324,-0.48606658,-0.99525696,-0.45656106
-0.20887992,0.72192353,0.89449936,0.5006168
-1.2728988,-0.6207498,0.8921296,0.384739
2.2734613,-1.987151,-3.9913316,-2.1180708
-1.2457231,-1.8017747,0.0064115524,-0.111047015
2.300978,-3.631237,-4.8103924,-2.4950886
1.6647432,4.8304543,1.397945,0.57090235
1.4659832,1.6337413,-0.46562633,-0.31141236
-0.69045025,1.0278901,1.7132853,1.0078305
0.18672046,1.4414893,0.31267554,0.20634493
0.49605107,-1.3523376,-1.3610206,-0.7184554
-0.7727151,-3.8294437,-1.785369,-0.9196863
-1.3310704,4.786311,4.354472,1.879857
0.14301947,-4.5376377,-2.7953346,-1.4279917
-0.67946297,-0.32378516,0.5085912,0.2687728
2.2696192,-1.6010791,-3.3635883,-1.4728944
-0.22751246,-5.184898,-2.7235954,-1.2998643
-1.8755776,0.6243109,1.962568,1.1101946
0.4699479,-4.9116974,-3.7551486,-1.858324
0.7898951,0.4589178,-0.95456773,-0.20297958
-1.0728881,-0.7163157,0.35039967,0.12580693
-0.38772878,-0.396076,0.37840205,0.075911544
-1.0990179,3.047158,3.4668367,1.6458153
-0.15159994,0.40088907,0.48943448,0.43933374
1.1242814,1.1388206,-0.31772897,0.059170388
-1.2581838,-0.9148287,0.91470295,0.45810032
0.14219277,1.4392062,0.4822436,0.2530328
0.06665651,0.06766583,-0.028117081,0.021630067
-0.07800532,-7.150964,-4.527639,-2.3408163
0.15281816,-6.1844015,-4.2902226,-2.161964
1.0815662,0.35018358,-0.9162996,-0.37925005
2.6802287,-3.519762,-4.5035033,-1.9857315
-0.136195,-3.82064,-2.5912182,-1.1419423
-0.046940893,2.9057364,1.8810836,0.72470963
-0.94070786,-2.6227825,-0.61861444,-0.16860422
-0.2042455,5.275776,3.59284,1.814401
-0.4033184,-0.43740803,0.3614559,0.32217035
1.4668937,-2.7845829,-3.436103,-1.9705518
2.253446,2.5228348,-0.0944471,0.010702633
-0.8957562,-5.742214,-3.1707768,-1.7244252
0.12783751,-2.144974,-1.8224549,-1.1214597
0.45656118,4.403878,2.5077035,1.0775219
-1.4086139,-0.90465385,0.9361003,0.7791967
-0.48367167,-0.06770683,0.32879528,0.3353966
0.0294863,-0.28709447,-0.2621044,-0.058735047
-1.7970368,-3.2512767,-0.06643852,-0.23627244
-0.5398356,-0.74140835,0.29865056,0.13051769
2.0929651,-0.77155876,-2.4018,-1.0329063
2.7085583,5.2675886,1.1442287,0.5904939
-0.6326811,4.718511,3.2178154,1.4038595
1.3085681,3.165797,1.1497903,0.8888939
-0.33195418,0.17672247,0.5005501,0.37957314
0.55911064,1.0789789,0.22706887,0.038646948
0.97596693,-2.7849798,-3.0555332,-1.1690165
-2.1296887,0.65869516,1.8467945,0.83047605
2.763614,2.2040975,-0.47291628,-0.34671995
-1.2016203,-0.16484545,0.85944384,0.3681704
-0.9076077,-3.6996574,-1.4464746,-0.5383459
1.1837372,-4.169017,-3.4676857,-1.8830494
-0.74317855,-1.697433,-0.31864014,-0.17144777
0.3605107,2.6528113,1.4375774,0.22024819
0.37164804,-4.443975,-3.8892522,-1.9696671
1.0273393,0.9650465,-0.52522135,0.11119626
-1.0628463,-1.609431,0.20194554,0.1761929
-0.5367279,4.43441,3.5893903,1.4726206
0.6264702,-2.0937731,-1.9945716,-0.76140946
-0.57555664,-2.1253228,-0.8421282,-0.35950983
-1.885536,-0.75709647,1.6136045,0.8053424
-0.21271957,0.17512842,0.33275428,0.2731078
2.3568928,2.9980638,0.09191443,0.057843294
-0.9982978,-4.9945755,-2.2652175,-0.8546889
0.66806877,-4.4201035,-4.044828,-1.890806
-0.08003745,1.3822632,1.2949951,0.69244456
-1.4975787,-3.4904134,-0.73895514,-0.15386924
-1.2915298,0.6321668,1.6734669,0.8229419
-0.24432288,-0.3041349,-0.11945237,0.17999214
0.20132363,2.957391,1.5106333,0.80246425
1.9058924,-4.520094,-4.7617335,-2.4666162
-0.12791127,-2.7902763,-2.0069327,-1.157013
-0.039671827,-3.7091043,-2.498882,-1.1484511
-0.73273206,1.6865616,1.9056274,0.9550923
-0.86707395,-2.351684,-0.7843335,-0.22229344
0.071740955,-4.1114683,-2.6174068,-1.1194986
-0.34155762,5.810835,3.80145,1.8704453
1.1239868,0.3499377,-0.96092635,-0.42311177
1.3865228,1.3219321,-0.6621477,-0.26205477
-0.07676005,2.0665207,1.6243225,0.62841177
-0.26101652,-1.1227285,-0.59097236,-0.19509678
-1.0217324,-4.513413,-1.7796683,-0.760444
-1.1021689,-0.66752446,0.7877163,0.44715047
-0.95864457,-7.470848,-4.0932736,-1.843594
0.40933508,-4.973773,-3.9003134,-1.796318
2.521251,4.99971,1.281662,0.57497567
-1.4150695,1.7327472,2.2501163,1.2530173
0.22371605,-4.141091,-3.163832,-1.5289664
-0.5935338,-1.4889604,-0.46342596,0.028102456
2.7041435,-4.3588934,-5.376978,-2.5572546
0.5149617,-3.9799995,-3.4448683,-1.5220892
-0.07927161,-10.50091,-4.8997955,-2.3259265
-0.7677472,-1.1585449,-0.06386731,0.04816623
-0.19037847,-0.53628343,0.17853127,0.43365005
-2.1442394,-4.3759985,-0.34785017,0.22392571
-0.119065434,-0.20340842,-0.15563749,0.10197076
-1.3203472,0.3011338,1.6927756,0.9888503
0.861724,-3.1470923,-2.815011,-1.4536253
0.11502144,0.98708826,0.6989776,0.36183727
-0.08154251,-11.33817,-3.9638743,-1.7439187
-0.772368,3.7596765,3.6153543,1.5594279
-0.01290065,-5.244031,-3.440754,-1.6068312
-0.21606983,-2.1386855,-1.6935045,-0.8437399
1.0305725,5.642419,2.7277691,1.1638572
0.49923033,-5.773702,-4.32688,-2.1149414
-0.53529817,-0.5599051,0.67068475,0.3300038
-1.4785756,3.6245248,3.6664221,1.7126977
-0.9534465,-1.6031348,0.0045926766,0.17035292
1.8820705,1.1068108,-1.3292043,-0.67950326
-0.133123,-0.0041133156,-0.029689044,0.17687076
0.41290304,-2.8406203,-2.3836563,-1.1930351
-0.4487057,-6.6308656,-3.882653,-1.9814491
0.9346898,-2.1030815,-2.0768528,-0.8211971
0.8322458,3.156223,1.2876724,0.813973
1.2857932,-1.6572851,-2.8054416,-1.2963325
-0.120583,-0.5676733,-0.17640114,-0.055074606
-1.1492314,1.6659794,1.8801533,0.73156714
-0.6967219,2.4719188,2.1574886,1.2514687
-2.0309422,-2.5992365,0.5301429,0.24016532
0.31449255,-7.5957556,-4.6370807,-2.2971063
-1.2118412,-5.156514,-2.03415,-1.0335144
-1.1930498,1.3771181,2.4025295,1.2001433
0.9997145,1.8442503,0.0050965715,0.0376415
0.0038290704,-4.1661143,-2.6662838,-1.339842
-1.4968737,-6.446274,-2.2235296,-1.2884696
-1.3967893,1.0864308,2.0164921,0.6800079
-0.5989122,0.5578661,0.71741253,0.46020406
-2.1320267,-1.6520077,1.1161449,0.63278514
2.192404,-2.983138,-4.454725,-2.1924758
-0.84730256,0.90069866,1.2767845,0.91652936
1.8401574,-2.7058518,-3.4413202,-1.8068126
1.0828152,1.4260696,0.08414194,0.280768
-1.0574349,1.9657584,2.2393906,0.9555472
0.023527471,0.5341817,0.41349173,0.18313058
-0.7825249,-0.15575746,0.5345005,0.20917517
0.27313673,2.9011526,1.7971694,0.5233333
-2.5083919,-0.48616523,2.0527558,0.7467026
-0.74461615,-1.4066397,-0.05787046,0.033987284
0.6332487,8.505664,4.5933447,1.8623211
-1.0198581,-1.2720983,0.19749688,0.29998252
-0.74548876,0.2822207,0.95582134,0.5192247
-0.19887625,-2.4925888,-1.5508692,-0.54840595
-1.5285472,-2.0992012,0.15348104,0.033576805
0.13100834,-4.6738157,-3.1548102,-1.3831017
-0.09866227,-4.170163,-2.774751,-1.122546
1.1097745,1.7926729,0.3348615,0.23474635
-0.32336172,-0.22367992,0.21045667,0.07437716
2.2382426,-0.2838337,-2.3057454,-1.0072004
